game,resolution,mode,comparison_type,comparison_name,frames,ssim_mean,ssim_std,ssim_min,ssim_max,ssim_median,mse_mean,mse_std,mse_min,mse_max,mse_median,psnr_mean,psnr_std,psnr_min,psnr_max,psnr_median,lpips_mean,lpips_std,lpips_min,lpips_max,lpips_median,flip_mean,flip_std,flip_min,flip_max,flip_median,optical_flow_consistency_mean,optical_flow_consistency_std,optical_flow_consistency_min,optical_flow_consistency_max,optical_flow_consistency_median
returnal_epic,1440p,Consistency,consistency,1440p_DLAA_Consistency,704,0.8152668621306393,0.09305890023016554,0.20994529128074646,0.9724000692367554,0.8327112793922424,832.4079708619552,1423.095855404266,20.169586181640625,16699.1796875,273.6615905761719,22.97302235534212,5.863324473669757,5.903852230102816,35.08383372961224,23.758668633733784,0.19898770188658751,0.08447235984634793,0.07076345384120941,0.8105337023735046,0.19033512473106384,6.4251723102378575,6.036505311262892,0.909446120262146,57.58812713623047,4.2179787158966064,40.82911080218895,176.71722281486515,0.007984163208718087,3208.3688964561115,6.496154782353102
returnal_epic,1080p,Quality,dlss_mode,1080p_DLAA_vs_Quality,705,0.8159350169465897,0.09893742812319806,0.15980598330497742,0.9714118242263794,0.8354166150093079,802.9698817016385,1361.0492271811668,21.223440170288086,14502.2265625,261.20782470703125,23.163428819612562,5.883228593633929,6.516456752141862,34.86264579517521,23.960941784019827,0.20027255911564995,0.08168489797231865,0.07310884445905685,0.8164028525352478,0.18638232350349426,6.511834087777645,6.139342470418605,0.8850112557411194,56.654483795166016,4.385569095611572,44.0153966609514,133.04702530284547,0.011943819888095675,2500.1535651784493,11.284385678541327
returnal_epic,1440p,Ultra_Performance,dlss_mode,1440p_DLAA_vs_Ultra_Performance,704,0.8432419740288011,0.10618312074416886,-0.03274449333548546,0.9751961827278137,0.8677664399147034,690.988628978079,1178.3036477451835,23.658140182495117,14151.4638671875,200.49668884277344,23.865385753787958,5.882946410835825,6.6227899404231625,34.39099760061491,25.10973380312779,0.21164238340729338,0.08038047042884335,0.05920477211475372,0.7353758215904236,0.1986917182803154,5.916937957687134,5.734279395860171,0.8298184871673584,52.67234802246094,3.7721692323684692,43.37563310510828,170.41990527798328,0.0010375404071396588,3200.2939451833236,10.52366632607746
returnal_epic,1080p,Balanced,dlss_mode,1080p_DLAA_vs_Balanced,705,0.8659900792947052,0.0879663389711942,0.08776441216468811,0.9846994876861572,0.8854860067367554,531.5099712831754,1050.9304581827707,17.35207748413086,15699.74609375,159.1025848388672,25.20074202800815,6.005663758357556,6.171877320876557,35.73728882554758,26.11403125456793,0.16900047220236866,0.07695682313072472,0.03959940746426582,0.8680770397186279,0.15348567068576813,5.14726578411481,5.148584107495402,0.6018878221511841,59.73128890991211,3.3973495960235596,37.991147869626644,82.0746647668067,0.01853943154692672,814.8082885502549,12.541007994468742
returnal_epic,1440p,Balanced,dlss_mode,1440p_DLAA_vs_Balanced,704,0.822387368690794,0.10922630877588688,-0.012766556814312935,0.9759647250175476,0.8414852023124695,769.107340040532,1199.9704896642581,18.53385353088379,12860.96484375,261.14697265625,23.26152135629299,5.944482388166056,7.038068098070615,35.45114634306496,23.96200300887245,0.20466100094331938,0.07787170418915683,0.05838611721992493,0.7123312950134277,0.192203126847744,6.285358148711649,5.743329933501645,0.767106831073761,47.932621002197266,4.217999696731567,47.532059514274636,187.96429598889364,0.00909424072017373,3464.9999998832227,12.158432003160627
returnal_epic,1440p,Quality,dlss_mode,1440p_DLAA_vs_Quality,704,0.8479425934651359,0.08475505628987368,0.3419613838195801,0.9774974584579468,0.8607120215892792,610.4759091477503,969.5373764051993,14.428227424621582,10982.1533203125,215.7700653076172,24.25140651002628,5.975666675830733,7.723928583274716,36.53867381610289,24.790892293587515,0.18363277717302975,0.07208914143247072,0.048068974167108536,0.5675908923149109,0.1689513996243477,5.453293416649103,4.855356392867122,0.6776973009109497,42.03397750854492,3.7902199029922485,29.434806296531264,56.098654461643136,0.037513732924878695,741.2895511536344,12.113281259878761
returnal_epic,1080p,Consistency,consistency,1080p_DLAA_Consistency,705,0.8638414194820621,0.10591861785844156,-0.09147405624389648,0.9854079484939575,0.8880397081375122,514.4409603430024,921.0560709432137,9.39261531829834,9715.3330078125,149.55899047851562,25.523333576491858,6.340612868943361,8.256226695732025,38.4029382502781,26.38267835858647,0.1461838698609078,0.07718331641856482,0.029303807765245438,0.6379015445709229,0.1349104791879654,4.9156496565392676,4.864067894876969,0.5373675227165222,42.57661437988281,3.1816821098327637,30.836884643448457,134.2855496682006,0.0015945463009074956,2476.3896484535976,5.154296870713324
returnal_epic,1080p,Performance,dlss_mode,1080p_DLAA_vs_Performance,705,0.8352725442842389,0.09032328047572384,0.3199140727519989,0.9740560054779053,0.8524360060691833,678.3918108622233,1114.5066349301007,18.5682315826416,11431.2333984375,226.09011840820312,23.880082084349027,5.971340288138888,7.549872687721614,35.443098168735084,24.58798779568866,0.1863266872123201,0.07286541190266387,0.05080858990550041,0.6007521748542786,0.17550666630268097,5.906928482546029,5.379715893463652,0.8093717694282532,43.89914321899414,3.957273483276367,38.7867171923262,110.79858365225611,0.014453890907617506,1696.7084957960797,9.897636455646321
returnal_epic,1440p,Performance,dlss_mode,1440p_DLAA_vs_Performance,704,0.8435758069760844,0.1073553936978221,-0.02534087374806404,0.9852694272994995,0.8686789870262146,647.3623974756761,1044.237816692653,17.877944946289062,11084.9775390625,196.97262573242188,24.126242654289445,5.994982038942476,7.6834554340577474,35.607627652995475,25.18674513963967,0.19574836215046656,0.0791339482539533,0.04544760286808014,0.6652845144271851,0.1778268739581108,5.7176982299001375,5.377614576340699,0.5979629755020142,43.39117431640625,3.733126997947693,47.21249689462503,188.73584702950043,0.0011367714656245198,3561.402343642728,10.315063465204872
returnal_epic,1080p,Ultra_Performance,dlss_mode,1080p_DLAA_vs_Ultra_Performance,705,0.8304114330322184,0.09652824613816839,0.13672882318496704,0.9727200865745544,0.8533095717430115,748.350839295624,1336.2843851563446,21.563188552856445,14327.0068359375,229.41339111328125,23.58029691326609,5.88665625704371,6.569248927604368,34.7936738039576,24.52461596313702,0.20566514864669624,0.08276338801448092,0.06323061883449554,0.8120269775390625,0.19572915136814117,6.2357155072773605,6.0624616183043845,0.8763270974159241,55.698516845703125,4.023484230041504,47.651368042285206,166.07838383851575,0.012306273183938288,2995.4521494309483,10.53525167952386
tomb_raider_highest_scene_1,1440p,Consistency,consistency,1440p_DLAA_Consistency,241,0.8587481621884706,0.022639430529842776,0.8057067394256592,0.9004003405570984,0.8631684184074402,113.87832578287085,44.09905526431246,44.84407043457031,253.3589630126953,101.5560531616211,27.86105580941238,1.5741589128641895,24.093440880489943,31.613753348432464,28.063745466047486,0.13183918063571345,0.026023615353143303,0.08169512450695038,0.20827724039554596,0.12836308777332306,2.9879897016707297,0.5365904346542291,1.9704155921936035,4.505527496337891,2.873197555541992,3.8070369867094547,3.6180462306945453,0.028228758119368536,19.64854431225382,2.800056457158149
tomb_raider_highest_scene_1,1080p,Quality,dlss_mode,1080p_DLAA_vs_Quality,241,0.8596214268712087,0.02134765849821601,0.808646559715271,0.9128286838531494,0.8617044687271118,128.78118943970233,55.48689603869555,49.855224609375,373.34912109375,117.94351959228516,27.37000038985873,1.669638627494901,22.40965227580986,31.1536968367408,27.414062773048666,0.15140767546981201,0.028085256168637617,0.09661605209112167,0.23533335328102112,0.1449824869632721,3.148471896579157,0.6232462047699672,1.9171605110168457,5.046562671661377,3.128469944000244,4.773823485331105,5.973176028651386,0.008499139203223649,51.96804809933403,3.037078845522572
tomb_raider_highest_scene_1,1440p,Ultra_Performance,dlss_mode,1440p_DLAA_vs_Ultra_Performance,241,0.9146359703847482,0.02212991695732337,0.8635303378105164,0.9628731608390808,0.9113322496414185,71.47488579017987,37.34233937251235,21.17966651916504,324.0,66.85430145263672,30.057833866217834,2.007183494868225,23.025353506612984,34.8716124315247,29.87951005559426,0.1545326051252017,0.0271294483980241,0.09664878249168396,0.2057487964630127,0.15666012465953827,2.345769537435033,0.5715096402524507,1.1660715341567993,4.486738681793213,2.410566568374634,6.142364666197939,7.025660573478627,0.008132924621293114,67.29411316419402,4.687751763978611
tomb_raider_highest_scene_1,1080p,Balanced,dlss_mode,1080p_DLAA_vs_Balanced,241,0.8331942338171836,0.02580039654842812,0.7782348394393921,0.8790873885154724,0.8379058837890625,189.72004655386897,85.35502257462261,86.54232788085938,453.5488586425781,163.97393798828125,25.7371517125504,1.7902454097873084,21.56456282490735,28.758517878672976,25.98305534084341,0.21651577807313674,0.0300871931124368,0.1424596756696701,0.30355554819107056,0.2101133018732071,4.10978701599406,0.8366206158389595,2.777559518814087,6.168497085571289,3.9810986518859863,7.903043723102506,10.138259783523973,0.02584838891378638,68.39512633218388,4.813293452979792
tomb_raider_highest_scene_1,1440p,Balanced,dlss_mode,1440p_DLAA_vs_Balanced,241,0.8610388935848885,0.021085003825621187,0.8197519183158875,0.9122049808502197,0.8639956712722778,134.54024489786616,52.66032685183034,53.10609436035156,377.8547668457031,122.21127319335938,27.12789415136231,1.5410920797344165,22.35755455415806,30.879359980689717,27.259690922784316,0.17022392815326753,0.029536404194017114,0.11059458553791046,0.2541370093822479,0.164185032248497,3.3103902790061666,0.622621667309533,1.9755994081497192,5.098543643951416,3.211113929748535,5.432321873631989,7.634070339936135,0.04158782550742046,73.57714843046452,3.575408937764678
tomb_raider_highest_scene_1,1440p,Quality,dlss_mode,1440p_DLAA_vs_Quality,241,0.8949218998311467,0.023561187891147282,0.8425648808479309,0.9509557485580444,0.8918366432189941,100.00714291774386,54.01708865856169,25.651371002197266,302.1549072265625,86.3053207397461,28.70484428709925,2.245701601223625,23.328507089519395,34.03969778836183,28.77042789988387,0.14744482081213434,0.029198741017829204,0.09058929234743118,0.1989198476076126,0.1520363837480545,2.6455928487896423,0.6509515881403264,1.279056191444397,4.092642784118652,2.6887590885162354,7.669405659383514,9.809508257660523,0.02674865142643057,57.74313355005887,3.973197945339578
tomb_raider_highest_scene_1,4K,Performance,dlss_mode,4K_DLAA_vs_Performance,241,0.8384310815838857,0.02305600562704112,0.7904612421989441,0.876130998134613,0.8450561165809631,269.7892136316576,92.32803488636674,154.06375122070312,520.8295288085938,246.9927215576172,24.05123954163195,1.3888966276977632,20.963847619685197,26.25379892796328,24.203962053164943,0.31284869916706165,0.03365610461967611,0.1848079115152359,0.40901803970336914,0.3093927800655365,5.0760221501109015,0.9088287892717212,3.4464120864868164,7.572038650512695,4.930846691131592,6.045621069383959,6.653912242310463,0.009368914082870106,58.30664064454794,4.346672074328268
tomb_raider_highest_scene_1,1080p,Consistency,consistency,1080p_DLAA_Consistency,241,0.8420238893061752,0.024656261249695378,0.7898330092430115,0.9143447875976562,0.8439379334449768,140.6944903931677,63.625478004803135,46.14670181274414,349.2428894042969,119.36548614501953,27.035157039257086,1.7931597544132802,22.69952788240355,31.489396941996265,27.36201589715902,0.14292394867576505,0.028768688010971714,0.06669226288795471,0.21975035965442657,0.1403709203004837,3.365019365464998,0.6657989659842526,1.6710749864578247,5.051342487335205,3.2738595008850098,5.58098779484453,7.637374713792924,0.052566527472123425,45.137802124924974,3.3535842885961245
tomb_raider_highest_scene_1,1080p,Performance,dlss_mode,1080p_DLAA_vs_Performance,241,0.892989515268951,0.02240747620027129,0.8372557163238525,0.9469782710075378,0.8903558850288391,102.3039238403447,55.42556656839841,26.778282165527344,354.25506591796875,88.54545593261719,28.57733893224649,2.1591707631708243,22.637642914064546,33.85297647413777,28.659140823438157,0.1491329291549461,0.02299575985206674,0.08909008651971817,0.19203148782253265,0.14969228208065033,2.6932873938588187,0.6046235142769584,1.4309096336364746,4.358440399169922,2.695054292678833,6.438511869701411,8.690050867517991,0.0037727455208909078,70.21725462608092,3.5689315756535294
tomb_raider_highest_scene_1,4K,Balanced,dlss_mode,4K_DLAA_vs_Balanced,241,0.8490016413427487,0.021326316185533784,0.8054657578468323,0.8857077956199646,0.8556926250457764,224.2487300698688,76.61494951553681,127.86502838134766,510.4232482910156,208.0906982421875,24.84173284380026,1.336517723585726,21.051499138566797,27.063285815010833,24.94827693401968,0.25388778585368665,0.034483978330604244,0.1458597183227539,0.3587636351585388,0.25164616107940674,4.311108067817213,0.7673740089707002,2.8988723754882812,6.583615303039551,4.204813480377197,5.696773271969941,6.892732723038874,0.014991779575694864,56.77676393474556,3.6360626727280874
tomb_raider_highest_scene_1,4K,Consistency,consistency,4K_DLAA_Consistency,241,0.864891007975424,0.023994103178069652,0.8053890466690063,0.9527702927589417,0.8650079369544983,119.63697233239645,50.10960529041196,21.907207489013672,302.1011047363281,116.46150207519531,27.756712204753104,1.9591100719064989,23.329280474449643,34.72493339281862,27.468979736983265,0.14902448122432124,0.04493365965531405,0.05588153004646301,0.26199835538864136,0.1477237343788147,3.1100888702384664,0.6801836950650458,1.2940850257873535,5.3096113204956055,3.2020785808563232,4.113591278670101,3.8265806959122846,0.006637574720343764,19.988647457041395,2.916282653703149
tomb_raider_highest_scene_1,1440p,Performance,dlss_mode,1440p_DLAA_vs_Performance,241,0.8643004144870394,0.021264728761556776,0.8104376792907715,0.9113718271255493,0.869026243686676,132.9616808752796,53.08939387880629,52.01772689819336,388.88433837890625,121.33493041992188,27.191779569523725,1.5771777396024145,22.232599078016566,30.969289906539743,27.29094515444058,0.1701655194657967,0.02572044265183637,0.11605924367904663,0.2640780806541443,0.16610515117645264,3.226076753307675,0.6039970836673813,1.9805808067321777,5.142416477203369,3.150514602661133,4.803497075332393,6.5781132686189405,0.0036087122053629628,50.2878036425933,3.108489995016569
tomb_raider_highest_scene_1,4K,Quality,dlss_mode,4K_DLAA_vs_Quality,241,0.8500800837619671,0.022038459602074904,0.8022647500038147,0.8912849426269531,0.8565788865089417,222.9664216734067,75.40131432061895,119.43983459472656,485.8262939453125,207.04026794433594,24.869313335164325,1.355283609517077,21.26599344827921,27.35931167579669,24.970255398300804,0.2473285623605815,0.03180321217047526,0.15268389880657196,0.3457486629486084,0.24436037242412567,4.241091600592205,0.7502095881443538,2.860023260116577,6.493601322174072,4.14347505569458,5.133262937912232,5.995477222578739,0.007797258068876545,47.09495546088871,3.193420427841147
tomb_raider_highest_scene_1,4K,Ultra_Performance,dlss_mode,4K_DLAA_vs_Ultra_Performance,241,0.8582841749013213,0.020380709308634143,0.8054358959197998,0.8951597809791565,0.864121675491333,201.2614412426454,68.86828914574839,109.1269760131836,475.7885437011719,185.27349853515625,25.30740503998512,1.3196994020138628,21.356663802227033,27.751482401098208,25.452670584570434,0.23346877388687054,0.03366392858979942,0.132276713848114,0.3375738263130188,0.22957894206047058,3.9873320729900694,0.738054298969142,2.478332281112671,6.144497871398926,3.8569324016571045,5.925080753976581,7.037222518051511,0.04257196952714537,75.09135439071781,4.633590744933926
tomb_raider_highest_scene_1,1080p,Ultra_Performance,dlss_mode,1080p_DLAA_vs_Ultra_Performance,241,0.8502442270393689,0.023300482941595656,0.7952337265014648,0.8953897953033447,0.8531098365783691,156.4159610795777,71.87724865390987,66.53414916992188,438.6276550292969,136.9485626220703,26.579300662035255,1.79256165627652,21.709843508360507,29.900357533182408,26.765228825004876,0.20031708553124267,0.02709556013310828,0.1374421864748001,0.2802623212337494,0.20099744200706482,3.648498708281774,0.7451526460089556,2.37123966217041,5.921472072601318,3.5493454933166504,8.736242134299085,8.679709674062396,0.020923625391958467,64.49005124994164,6.533889774597327
cod_mw2_extreme,1440p,Consistency,consistency,1440p_DLAA_Consistency,354,0.7987401565210631,0.1260393176238401,0.056612707674503326,0.9992000460624695,0.8128431737422943,690.2628724224824,2283.160311823107,4.784652233123779,27718.474609375,292.9849853515625,23.740623988567524,5.609242019917184,3.703110341690932,41.332299837966445,23.462375108768164,0.18997787012717632,0.12666190890806375,0.00019013075507245958,0.865211009979248,0.15175895392894745,8.004272801075446,8.665126286186199,0.025749238207936287,90.1871337890625,6.065242528915405,150.21927017516825,813.3261407485691,0.0002553094615178608,11952.929031375043,24.637332912897875
cod_mw2_extreme,1080p,Quality,dlss_mode,1080p_DLAA_vs_Quality,354,0.7327548253203947,0.13125098361587548,0.002965642372146249,0.9992929697036743,0.7205731570720673,728.1812119039439,1322.878435183518,3.5552797317504883,22294.79296875,453.52845764160156,21.564238586609846,4.41114183537188,4.6487691705723035,42.62206583881949,21.56479934643402,0.24628815360919448,0.12193546830036253,0.0002461288240738213,0.9786245226860046,0.2340180203318596,9.202924533089423,5.569038720461429,0.019931700080633163,78.3522720336914,7.789807081222534,192.62425483782263,764.4048559330333,2.7400931523757777e-10,11194.22578811645,44.40888977655953
cod_mw2_extreme,1440p,Ultra_Performance,dlss_mode,1440p_DLAA_vs_Ultra_Performance,354,0.7373884423809537,0.12451231488018691,0.38636907935142517,0.9992466568946838,0.7298705577850342,716.257362128651,659.5737669774601,4.381978511810303,6422.29345703125,526.4192199707031,21.362718886443346,4.713811567799501,10.053902147514783,41.714101173157694,20.91748854380451,0.27553041823935764,0.11192024696209843,0.00046680227387696505,0.56784588098526,0.26201866567134857,9.518326827077626,4.645424031324161,0.023641783744096756,39.30531311035156,8.746694564819336,143.02432720462278,473.0122956042162,4.442145358041216e-05,7783.070190430387,47.37136840365332
cod_mw2_extreme,1080p,Balanced,dlss_mode,1080p_DLAA_vs_Balanced,354,0.7321275093284894,0.1278016195646865,0.005509030539542437,0.9991406202316284,0.7197337448596954,762.4809025303792,1595.6886078487066,4.304657459259033,27724.6953125,476.91937255859375,21.368897941697465,4.298815036545487,3.702135788087346,41.79141762446962,21.346400521907846,0.24959902851758486,0.12077256985050674,0.00026807698304764926,0.9459615349769592,0.23488443344831467,9.452799073641456,6.04853906951644,0.023640817031264305,87.38826751708984,8.229595184326172,198.6347811576832,725.4085309023617,0.001081881383884431,10606.519531232098,40.91537475390818
cod_mw2_extreme,1440p,Balanced,dlss_mode,1440p_DLAA_vs_Balanced,354,0.7118029781498179,0.1371368922235868,0.0014060650719329715,0.9992563128471375,0.7058384418487549,900.9631836966606,1358.2007523278558,4.337865352630615,17961.609375,611.7301025390625,20.334587857022544,4.158014535423873,5.5873511364976745,41.75804293484128,20.26520958641641,0.2989258666459578,0.12184549532218106,0.00024257048789877445,0.8940497636795044,0.28623709082603455,10.748045523887722,6.086155879939691,0.02380351908504963,70.41160583496094,9.569777965545654,193.53000246496384,719.1829806995858,4.442154976835866e-05,9319.789554597322,54.23011780024656
cod_mw2_extreme,1440p,Quality,dlss_mode,1440p_DLAA_vs_Quality,354,0.7286035082918607,0.13156926216360398,0.05770149454474449,0.9992828369140625,0.7252969145774841,852.9496614852194,2076.4830266788063,4.0662312507629395,27816.521484375,533.6120910644531,21.00625786994009,4.276024978729618,3.6877754127210416,42.038882870886596,20.858547595745165,0.26684768664082353,0.11570181781772061,0.00031998567283153534,0.8696823716163635,0.2488803118467331,10.065184919468765,7.367228679744951,0.02229943498969078,89.58363342285156,8.620882511138916,200.82816113342366,1008.3398525613635,4.4420105826503686e-05,16303.902347565669,43.43150329735235
cod_mw2_extreme,4K,Performance,dlss_mode,4K_DLAA_vs_Performance,354,0.7275173425000939,0.13481326524877416,0.042205482721328735,0.9882607460021973,0.7182704210281372,1000.0767253724869,1499.3957416210403,171.4589080810547,26148.716796875,723.3456115722656,19.318146135356113,2.8909832115546608,3.9562997939349294,25.78920307229456,19.537356266437982,0.3225747184843709,0.11308429465365183,0.01550617441534996,0.8487923741340637,0.3137960731983185,11.61757943354084,5.860788350179084,1.2229336500167847,86.13753509521484,10.48476266860962,216.3063079803339,821.863976165484,3.213363858650675e-05,13024.389389032127,57.884460517600175
cod_mw2_extreme,1080p,Consistency,consistency,1080p_DLAA_Consistency,354,0.777307623084424,0.12545301061026765,0.008861296810209751,0.9997843503952026,0.7838422656059265,594.8705045675154,1344.0613678498808,1.1686588525772095,22156.8203125,324.95928955078125,23.297172943391494,5.275441578657657,4.675729252003935,47.45392607675157,23.012519320871196,0.1985385261891756,0.1192012293027904,9.511264215689152e-05,0.9778019785881042,0.17704324424266815,7.688149299049003,5.7548475758372994,0.0088784946128726,78.17884063720703,6.345710039138794,171.63312700206723,721.8647560896195,9.772771480953679e-11,11198.596357345376,24.094818125179415
cod_mw2_extreme,1080p,Performance,dlss_mode,1080p_DLAA_vs_Performance,354,0.7266109899780845,0.12557560194161552,0.32642194628715515,0.9991495609283447,0.7069499790668488,752.6322269197237,831.3883698753133,4.276338577270508,7956.4560546875,517.6893615722656,21.267883498498094,4.50301856495501,9.123606924540018,41.82008277890777,20.990129388579042,0.2600989687381645,0.11995097881871998,0.00021372942137531936,0.5741701722145081,0.24632063508033752,9.482006389547749,4.963137124799769,0.023583289235830307,45.32408905029297,8.16893196105957,185.0019028546976,610.5996956664713,0.0009020938095456732,9608.953247070334,43.3541641256447
cod_mw2_extreme,4K,Balanced,dlss_mode,4K_DLAA_vs_Balanced,355,0.7196223639266591,0.13768020974667985,0.3318977952003479,0.9883908629417419,0.7118677496910095,1046.9549824889277,797.5729609730131,133.06915283203125,5664.3330078125,800.7298583984375,18.941152521622634,2.9811680503949325,10.599315831346285,26.890029688604223,19.09594337661218,0.341267079345777,0.11367657431813662,0.0156545452773571,0.625676691532135,0.32953518629074097,12.254777179637426,4.872197864939471,1.2182753086090088,34.47465133666992,11.51486873626709,202.94081641595278,344.0725821108881,8.571727211048596e-05,2659.6704101450564,74.81127933068353
cod_mw2_extreme,4K,Consistency,consistency,4K_DLAA_Consistency,355,0.7859107532499122,0.12979785128660723,0.010057894513010979,0.9884084463119507,0.7936308979988098,725.6981115744147,1450.1049274272966,37.514198303222656,18491.365234375,428.6279296875,21.53024251373416,3.6463524938025147,5.461113841669663,32.388846910681806,21.809998943161744,0.2150320262635048,0.11316744629199947,0.015104290097951889,0.7927849888801575,0.19304122030735016,8.848992441069912,6.728260896391754,1.2165963649749756,68.50019073486328,7.3371992111206055,146.805639327896,603.8287243233916,7.58574820962643e-05,7802.740226744437,30.684448223323216
cod_mw2_extreme,1440p,Performance,dlss_mode,1440p_DLAA_vs_Performance,354,0.7263640465351653,0.13032669543915607,0.0555938296020031,0.9992178678512573,0.7274858057498932,785.918008420427,1509.8645198214542,4.378180503845215,26622.6171875,540.3790893554688,20.91795927282219,4.059848162028248,3.8782961347763028,41.71786698152228,20.803818534758285,0.2705571521466564,0.11181005971219862,0.0005806772387586534,0.8980277180671692,0.257357656955719,9.883517841471749,5.851123238772034,0.023802993819117546,86.69099426269531,8.835137367248535,172.766037397792,667.8614094278342,4.4421440742681284e-05,8751.047607375333,45.53302001542309
cod_mw2_extreme,4K,Quality,dlss_mode,4K_DLAA_vs_Quality,355,0.7861032868774844,0.11881594389970068,0.06999966502189636,0.9902198314666748,0.8011694550514221,632.9907748155191,1026.0305749823153,100.02045440673828,15521.7529296875,398.1493835449219,21.75106391196266,3.2775631270126264,6.221395946737502,28.129915375919673,22.130343132236852,0.21849604146686238,0.11256802296891452,0.015555202960968018,0.7805560231208801,0.18752646446228027,8.385639266229012,5.445811486933501,1.2223823070526123,66.72307586669922,7.309505939483643,146.91574321669538,581.9506890466045,8.571670007806453e-05,7835.630367284101,29.37927245553101
cod_mw2_extreme,4K,Ultra_Performance,dlss_mode,4K_DLAA_vs_Ultra_Performance,355,0.7134469765592629,0.14547170036709492,0.025471627712249756,0.988263726234436,0.7104367017745972,1235.0599098742848,1507.2849876608118,171.20547485351562,18288.951171875,875.8216552734375,18.3879071857741,2.903294048132311,5.508915604394888,25.79562712322025,18.706646816588833,0.35368163479938053,0.11622509657294486,0.015598846599459648,0.7888740301132202,0.34131520986557007,13.486158609390259,6.738276048940426,1.2221357822418213,68.20663452148438,11.992338180541992,229.99113740285657,657.4817459863433,8.571652241329275e-05,8463.501586860417,77.65132140258282
cod_mw2_extreme,1080p,Ultra_Performance,dlss_mode,1080p_DLAA_vs_Ultra_Performance,354,0.7002063855097371,0.14150444258310083,0.015128931030631065,0.999273955821991,0.6782906949520111,951.0109287547526,1430.907862727539,3.637615203857422,21993.181640625,617.557373046875,20.194105377890644,4.29359354343909,4.707922998101983,42.52263604480188,20.22403104329866,0.3012074636680858,0.1253152679920984,0.00020864546240773052,0.9749844670295715,0.28302499651908875,10.9779647382313,6.126345645519217,0.021201087161898613,77.99395751953125,9.642749309539795,249.59855683523057,829.5084491910608,0.00011617447559197913,11197.89429855338,67.83734130626749
blackmyth_medium,1440p,Consistency,consistency,1440p_DLAA_Consistency,848,0.715820135724432,0.072492519824337,0.5216606855392456,0.9999812245368958,0.7218000590801239,279.0047331851828,141.5210568156372,0.007325384300202131,946.9556884765625,261.876953125,24.44944330461433,3.9099762751679465,18.36750703617922,69.48249947530608,23.949830952072688,0.17478910866674904,0.05043338692901234,1.3106664482620545e-05,0.3707190454006195,0.17002209275960922,5.276036800814871,1.4888352551881392,0.0012821451527997851,9.157098770141602,5.381197452545166,4.465252827476848,4.494559429010773,0.00016128442768259532,35.94326781986041,3.2167053432769848
blackmyth_medium,1080p,Quality,dlss_mode,1080p_DLAA_vs_Quality,851,0.730424984431575,0.06917365398903828,0.5685006976127625,0.9996150732040405,0.7339382767677307,273.7515593381942,136.25891018024404,3.4785823822021484,849.4263305664062,253.31195068359375,24.417013194569176,2.844167538857917,18.839546417191848,42.71678067789124,24.094246815648916,0.19612409418411733,0.0520882152421621,0.000306513364193961,0.3461202383041382,0.1942329853773117,5.279620627004798,1.5347531844364135,0.014281881973147392,9.512447357177734,5.439702033996582,7.905522749740176,6.530762998507603,3.4432987714438923e-06,39.606414913431024,6.568237391010371
blackmyth_medium,1440p,Ultra_Performance,dlss_mode,1440p_DLAA_vs_Ultra_Performance,848,0.7350734618474852,0.06591890379853987,0.5546497702598572,0.9994151592254639,0.7418808341026306,249.5075714908681,116.80514685015234,6.461223602294922,652.0435180664062,237.19842529296875,24.70877747869293,2.4257117991762835,19.988037789007173,40.0276559002392,24.379687791300015,0.22538105563525845,0.050414383456333756,0.0005172778619453311,0.36983829736709595,0.22020839154720306,5.0721133904913795,1.3890633457544732,0.022291749715805054,9.035134315490723,5.017399072647095,30.05091300198299,14.903037133134717,0.00032399028794927176,106.73553512461228,29.594070546073738
blackmyth_medium,1080p,Balanced,dlss_mode,1080p_DLAA_vs_Balanced,851,0.7314493916009484,0.06985572778761293,0.5597218871116638,0.9992679357528687,0.7307829260826111,268.7426392256023,135.40102804185298,8.201132774353027,832.4564819335938,250.95599365234375,24.48876188281506,2.6844513334675995,18.927188215725565,38.99206517792293,24.134827883491177,0.196754140183688,0.05485075233605344,0.0006284897099249065,0.35458165407180786,0.1905372440814972,5.154626340610791,1.4873743049471333,0.02844739705324173,8.704920768737793,5.167943477630615,10.320230214107644,7.405627557603887,7.054825600150139e-05,37.15115369885581,9.265228290914308
blackmyth_medium,1440p,Balanced,dlss_mode,1440p_DLAA_vs_Balanced,848,0.7225984981599843,0.07203895140330185,0.5342419147491455,0.9994200468063354,0.7251487672328949,274.83287679980384,140.08537855442054,6.14828634262085,847.8624877929688,259.1344299316406,24.37566807969523,2.608150147500165,18.847549397850315,40.243262752795815,23.995554817774902,0.19537582367582834,0.05168366945916859,0.00038635008968412876,0.3811565041542053,0.19007070362567902,5.164901258118609,1.4844552770402615,0.021685587242245674,8.655106544494629,5.096037864685059,9.898158200101184,6.841184947325302,0.00029127906734238707,55.28479005269537,9.04569999633523
blackmyth_medium,1440p,Quality,dlss_mode,1440p_DLAA_vs_Quality,848,0.7111707229940396,0.06504151261208235,0.5263304710388184,0.9994403719902039,0.7181521654129028,308.0572794883881,152.2825756297057,6.049243927001953,1062.156005859375,278.58299255371094,23.799728623674994,2.4464965153100042,17.868920517420456,40.313792637113536,23.681257628934546,0.21650587362757573,0.051007129644591725,0.00031660660170018673,0.36618655920028687,0.21199976652860641,5.647137452490224,1.4841332994968859,0.021382762119174004,9.52726936340332,5.727075576782227,7.457247730782809,6.837345383558014,0.0002644699597116329,49.12774646629316,5.685371445468391
blackmyth_medium,4K,Performance,dlss_mode,4K_DLAA_vs_Performance,846,0.7010440780268211,0.06780516434176381,0.49800047278404236,0.9993592500686646,0.7104491591453552,347.1190945673778,148.66667846020465,7.267320156097412,1080.802734375,325.1062774658203,23.166507339734885,2.165193687983282,17.793339261099764,39.517060677499614,23.01055203277584,0.2369500488660961,0.053245094105414725,0.0004930931609123945,0.3874064087867737,0.23533323407173157,5.943649637937792,1.516513906179343,0.025050945580005646,9.745802879333496,6.087843179702759,17.999718078978727,12.796742402241877,0.0006080480117720555,80.71655270108317,16.065414436073034
blackmyth_medium,1080p,Consistency,consistency,1080p_DLAA_Consistency,851,0.7256511535963917,0.06933798327025643,0.5572627186775208,0.9997292757034302,0.7265827059745789,265.09898213213955,127.98454525163594,0.7421395778656006,855.3358154296875,250.14169311523438,24.57652890670779,3.044359956778385,18.809437032690223,49.42594767993042,24.148942757716778,0.16743281461800105,0.051921090990436056,0.0002048764581559226,0.3381248116493225,0.16142557561397552,5.1467858095709165,1.4729417553586825,0.009548258036375046,8.756322860717773,5.181514739990234,4.009799049915365,3.7699852202687536,1.4657253188943287e-10,23.885223390949477,3.0521736101436403
blackmyth_medium,1080p,Performance,dlss_mode,1080p_DLAA_vs_Performance,851,0.7289878454948004,0.0664265470392282,0.5604655146598816,0.9992910623550415,0.7296063899993896,290.27533595514353,139.08345665244468,8.083915710449219,927.6537475585938,266.0964050292969,24.07960949080417,2.5459706521330023,18.456944574781968,39.05458584312327,23.880413536088376,0.22706058100287252,0.05503427341787681,0.0006300637614913285,0.38582170009613037,0.22393333911895752,5.4940167040499555,1.4720912924854401,0.02772168442606926,9.52249526977539,5.535667896270752,15.193178772399122,10.168472586794978,8.342963474117226e-05,57.15447998563525,14.545349130173804
blackmyth_medium,4K,Balanced,dlss_mode,4K_DLAA_vs_Balanced,846,0.6988770505567533,0.07050299411927728,0.47664380073547363,0.999357283115387,0.7093170881271362,354.77973039888604,161.6356557625912,7.199557781219482,1079.1556396484375,338.5019073486328,23.10836124964547,2.2313952412367812,17.799962761794717,39.55774539308072,22.835192438320107,0.2324400466731799,0.05539800798120759,0.0005124713061377406,0.40325233340263367,0.22790740430355072,5.9703433553668415,1.561317505767807,0.024903085082769394,10.110133171081543,6.043193578720093,12.745014760158123,11.613474063036787,0.00022600211714607354,84.96283040817468,9.96928414130737
blackmyth_medium,4K,Consistency,consistency,4K_DLAA_Consistency,846,0.6899934517787704,0.06662773783938762,0.4995543658733368,0.9999675750732422,0.6950221359729767,357.222271096427,146.5390342616638,0.01090406347066164,899.6256713867188,338.3340759277344,23.11939502246846,3.093218938545633,18.590185210601604,67.75491990081106,22.83734710542926,0.2147858121588023,0.05396641848499231,1.4133434888208285e-05,0.3859195411205292,0.2157105803489685,6.051952321384538,1.5095017827179593,0.0015792466001585126,9.09123420715332,6.255905866622925,6.252795236553976,6.21470242578962,0.00021548496269385709,44.54666152037362,4.426418304819535
blackmyth_medium,1440p,Performance,dlss_mode,1440p_DLAA_vs_Performance,848,0.7226491027142642,0.06915122870465289,0.5422319173812866,0.9994292259216309,0.7292367219924927,278.34381203212826,135.23781476270983,5.9933319091796875,937.7308349609375,267.1182098388672,24.26708684598563,2.515312018639401,18.41002163924397,40.35412031388718,23.863769369869605,0.2060859945032925,0.04895853308962771,0.00038232619408518076,0.34766843914985657,0.20395579189062119,5.238745075595601,1.4276518633676376,0.021246688440442085,8.816892623901367,5.232726573944092,13.646710194173243,8.73047942570309,8.71426168140843e-05,61.48156740445552,12.757644699629893
blackmyth_medium,4K,Quality,dlss_mode,4K_DLAA_vs_Quality,846,0.7168697599964503,0.06760226631567881,0.5210031270980835,0.9993078708648682,0.7240682542324066,306.91753913212045,131.9565540532253,7.9640583992004395,898.4054565429688,290.0099182128906,23.71420621297839,2.18475651319253,18.596079798815335,39.11945924887035,23.506676244789837,0.1973400260502061,0.04417380752222842,0.0006049299263395369,0.31514623761177063,0.19511643797159195,5.435899708433248,1.4307855216764254,0.027234399691224098,8.919585227966309,5.622904062271118,9.670747729891222,12.20207025935652,0.0029943260602998123,91.00796635410495,6.179355465418453
blackmyth_medium,4K,Ultra_Performance,dlss_mode,4K_DLAA_vs_Ultra_Performance,846,0.6998379369294954,0.06718321396693586,0.5211277008056641,0.9993375539779663,0.7059716582298279,346.7384459842745,150.99709634620788,7.191120147705078,988.2194213867188,328.2335662841797,23.18312969530119,2.182671759947777,18.182269760805518,39.562838159541954,22.968979966614313,0.27278818494394524,0.057455362528874676,0.0006790350307710469,0.4491713047027588,0.27286680042743683,6.080695788420067,1.54213470725911,0.025021689012646675,10.179398536682129,6.126927137374878,36.46903882259306,20.230146971090097,0.006397039926643977,127.64978083711026,33.79170243408652
blackmyth_medium,1080p,Ultra_Performance,dlss_mode,1080p_DLAA_vs_Ultra_Performance,851,0.7398296155464495,0.06305697359347574,0.5936169624328613,0.9995211958885193,0.738306999206543,255.6358702611419,122.93181993203055,4.648972988128662,741.5787353515625,237.1133270263672,24.667022604831214,2.6914356295970556,19.429230928758635,41.457233380534504,24.381243965508173,0.23233521417390443,0.048536669274506485,0.0005083104479126632,0.3738284409046173,0.23056527972221375,5.183691394102752,1.3566895473881713,0.01844167523086071,8.611616134643555,5.282238960266113,32.1296771353619,15.54234385857576,4.3008898323648737e-05,104.13836693927328,32.472351216787786
cyberpunk_low,1440p,Consistency,consistency,1440p_DLAA_Consistency,399,0.8641485204373983,0.06848040925755046,0.6269973516464233,0.9749488830566406,0.8746207356452942,333.3547264424183,316.7623706417331,27.03207778930664,3141.8837890625,238.9918212890625,24.297531331162944,3.447803902462302,13.1589024340465,33.812009323445594,24.346973219691694,0.13689162835180013,0.055374658685344615,0.03820788487792015,0.36595138907432556,0.1261902153491974,5.201579577343207,2.388709442498753,0.8813778162002563,22.425382614135742,4.864068508148193,32.587284310841035,52.47806829015065,0.149978636828763,736.88305663999,21.123626708976076
cyberpunk_low,1080p,Quality,dlss_mode,1080p_DLAA_vs_Quality,398,0.872908028975204,0.07229626656169191,0.6067858934402466,0.976752758026123,0.8884448707103729,286.0719264811607,272.71393480722764,24.523775100708008,1503.6583251953125,181.72439575195312,25.157717945014305,3.695546763738542,16.35931197710675,34.234930361630546,25.5366985112502,0.1159364929394656,0.0485851455770322,0.03484552726149559,0.3370200991630554,0.10443142801523209,4.779705942875177,2.273112070172087,0.9290941953659058,16.5838680267334,4.2286696434021,30.378204328332124,62.46844676208319,0.15527344254644504,752.9888305794987,13.57387543215777
cyberpunk_low,1440p,Ultra_Performance,dlss_mode,1440p_DLAA_vs_Ultra_Performance,399,0.8020714788807365,0.07231350094376754,0.5546559691429138,0.9367508292198181,0.8175532221794128,489.1426699645537,341.0281651861448,92.11483764648438,2850.99267578125,405.6499938964844,21.99353855926977,2.4812059139935583,13.580842592623695,28.487507698786644,22.04928887088547,0.22360015217971085,0.06030330540002665,0.10437501966953278,0.4088023900985718,0.21789181232452393,6.9575794971078855,2.476212280456007,1.9898947477340698,22.323158264160156,6.649733543395996,42.51933422669816,66.64054518689781,0.07067865635963244,754.9922485293404,27.502319345729234
cyberpunk_low,1080p,Balanced,dlss_mode,1080p_DLAA_vs_Balanced,398,0.9082644160967975,0.06107650825434951,0.6992257833480835,0.9880843162536621,0.9329204261302948,244.44349908349503,295.0437864118122,7.561834335327148,2873.474853515625,168.37930297851562,26.392552573027594,4.455034597672228,13.546729599992691,39.3445320226104,25.867927375674753,0.09937428031116724,0.042689657814347984,0.024009890854358673,0.356980562210083,0.0948830172419548,4.1248169707593005,2.362671158378403,0.5292782783508301,24.258634567260742,3.8061729669570923,30.95731180537493,82.37378793460168,0.015289305905923811,1321.8104553209312,16.616058350582932
cyberpunk_low,1440p,Balanced,dlss_mode,1440p_DLAA_vs_Balanced,398,0.810870739682835,0.06910271345372401,0.5296225547790527,0.9444332718849182,0.8180272281169891,444.5419095676748,318.72483813962714,70.02771759033203,2687.427001953125,363.76719665527344,22.443030223295885,2.552010871559204,13.837436844389499,29.678103892261554,22.522568296604817,0.18320265642587263,0.053530374548662774,0.0774734765291214,0.37232449650764465,0.17342082411050797,6.357490067505957,2.342980433373588,1.5769580602645874,22.309663772583008,6.049392938613892,34.56039340252867,67.50931260010057,0.08142089858841928,695.5605163563388,19.96931457531406
cyberpunk_low,1440p,Quality,dlss_mode,1440p_DLAA_vs_Quality,399,0.7976908202756915,0.08083206447474275,0.5228350758552551,0.9374433159828186,0.8160918951034546,503.5721443004178,371.38989553611293,86.2624740600586,2554.210205078125,386.81878662109375,22.05730668094381,2.8266070966249357,14.05823725125757,28.772584510502917,22.255728025723958,0.20743794524505324,0.06805280093727152,0.09413869678974152,0.39238688349723816,0.20017999410629272,6.926567978727489,2.7224536707713196,1.8992570638656616,21.97206687927246,6.418544769287109,36.07380588110312,70.24996193832493,0.16529846689084593,745.6467285164813,20.473785401067857
cyberpunk_low,1080p,Consistency,consistency,1080p_DLAA_Consistency,398,0.8276984543357063,0.07528344059787746,0.6083106398582458,0.9506902694702148,0.8417528867721558,367.49327744910465,278.96332740165184,59.979454040527344,1519.4844970703125,288.0027313232422,23.541743913244524,3.0331533848790495,16.313840874300094,30.350778525665337,23.536844892969206,0.14195479742770817,0.04662294595574539,0.05884447321295738,0.33936750888824463,0.13661139458417892,5.551640657024767,2.036854759473854,1.3088207244873047,15.597698211669922,5.227041482925415,25.509133388029582,48.29813903918991,0.12060546199495548,746.987304700339,13.667327879698234
cyberpunk_low,1080p,Performance,dlss_mode,1080p_DLAA_vs_Performance,398,0.8724477090428223,0.06033879447588603,0.6081457138061523,0.988356351852417,0.8823921084403992,285.22474919611483,206.33449534791743,5.992530822753906,1395.4722900390625,247.78921508789062,24.75100094703103,3.4034861977780775,16.683591437642285,40.354700843503686,24.18998836323324,0.12392524415954723,0.04109700903529853,0.021516164764761925,0.2726399898529053,0.12521763145923615,4.887051360541252,1.8685096952761717,0.4516223669052124,16.519676208496094,4.874236106872559,37.062934283521884,67.6803439289636,0.08892820747939822,768.8276977684606,18.949523927508636
cyberpunk_low,1440p,Performance,dlss_mode,1440p_DLAA_vs_Performance,399,0.8432254697147169,0.07205383427029886,0.5921462774276733,0.9827335476875305,0.856930136680603,393.08256482480465,344.04652252484306,16.694580078125,2636.325439453125,267.5315856933594,23.511207892243075,3.3806874616527893,13.920813404411096,35.905048612299446,23.857052971927782,0.15394752299445763,0.057435850618900254,0.029701249673962593,0.3472680449485779,0.14283831417560577,5.71301233529447,2.644577483332995,0.8306421637535095,20.088768005371094,5.292156219482422,30.054484007846938,67.21957709333888,0.1026916521047383,788.9859008805739,16.73056030409856
cyberpunk_low,1080p,Ultra_Performance,dlss_mode,1080p_DLAA_vs_Ultra_Performance,398,0.841045671971,0.06978328052860265,0.5828627943992615,0.9516122937202454,0.853389710187912,344.2500489297225,266.31363713089524,46.2310791015625,2043.046875,266.59361267089844,23.7987109851155,2.964335864627583,15.02802029810451,31.481463302378646,23.8723119896071,0.1608490353103858,0.04729872972265878,0.060144633054733276,0.3406170606613159,0.1537679359316826,5.525875213457711,2.0923212858697258,1.3393194675445557,19.972564697265625,5.286909818649292,33.81974880176182,60.536803208357505,0.062194821213751084,770.9019165214273,22.94799805638661
forza_extreme,1440p,Consistency,consistency,1440p_DLAA_Consistency,541,0.7828310350173062,0.0854445921764116,0.5534867644309998,0.9736423492431641,0.7863211035728455,539.4778461068483,461.29297136373384,12.543793678283691,2801.69921875,375.8414306640625,22.320303827039947,3.822788719046304,13.656588518484762,37.14651458792837,22.38075708261952,0.18944043598297894,0.08205832512955655,0.027020549401640892,0.4103624224662781,0.18087245523929596,6.549243089011328,3.271740243281101,1.2361146211624146,18.84678077697754,5.808689594268799,36.66958170921475,60.693609553475646,0.03881835969173153,574.6820678664285,18.06604004538167
forza_extreme,1080p,Quality,dlss_mode,1080p_DLAA_vs_Quality,541,0.7903186270137371,0.08438392962611155,0.5845914483070374,0.9632194638252258,0.7936599254608154,504.9557491767869,453.9548285820352,18.841707229614258,3034.4453125,343.65814208984375,22.705915728634764,3.893168321517405,13.310010459300374,35.379601096080165,22.76953723017707,0.17526691910327033,0.07832066004733466,0.04832466319203377,0.38056814670562744,0.16167865693569183,6.399216563556199,3.1627505206410245,1.705885648727417,20.195358276367188,5.567376613616943,33.08560430235377,49.4004622686055,0.010009768676923159,794.3964843900792,19.808837888137532
forza_extreme,1440p,Ultra_Performance,dlss_mode,1440p_DLAA_vs_Ultra_Performance,541,0.6423691538147036,0.07343354663982746,0.4652602970600128,0.8494673371315002,0.6372390985488892,2005.6873182765657,945.6061910371625,179.02345275878906,6260.0888671875,1926.740966796875,15.68590221463883,2.472174119722515,10.16499862440993,25.601704319185483,15.282570293222125,0.4217482998333665,0.0830796333402319,0.11159461736679077,0.6628358960151672,0.43706363439559937,15.525491190044805,4.776505031697455,4.031764984130859,39.96689224243164,15.638556480407715,177.1822995649582,215.34715128118947,0.2970581193617363,1912.5197143353605,110.03594972951612
forza_extreme,1080p,Balanced,dlss_mode,1080p_DLAA_vs_Balanced,542,0.7899737769387305,0.07148771819403671,0.5882545709609985,0.9645277261734009,0.7934847176074982,493.0603655255589,403.11517762415707,19.07331085205078,4189.458984375,426.6847686767578,22.503902869395937,3.6402195821032706,11.909224179185529,35.32654274011166,21.82984515717847,0.1742389516636894,0.05953651804330466,0.05138097703456879,0.40080851316452026,0.17562033236026764,6.319565291334342,2.679158519081821,1.663228988647461,26.738357543945312,5.908527851104736,35.881795367157956,57.596006419891225,0.10357664784885401,607.7365722642451,23.611541763408695
forza_extreme,1440p,Balanced,dlss_mode,1440p_DLAA_vs_Balanced,541,0.6680951632435352,0.08686749880126751,0.4964054524898529,0.9476118683815002,0.6622714996337891,1539.7008802375158,846.9717628700168,54.155418395996094,5477.197265625,1453.3836669921875,17.03772649243961,2.8605019667829006,10.74521978195538,30.794384453958237,16.507000855494216,0.3553050789782388,0.09720650136759487,0.06174694001674652,0.610030472278595,0.3706808090209961,12.88813898655932,4.7586276350188,2.2376585006713867,34.04636764526367,12.83178424835205,111.83217053436205,138.97166269299265,0.08398438961285137,1209.9340209902289,67.08416746354305
forza_extreme,1440p,Quality,dlss_mode,1440p_DLAA_vs_Quality,541,0.6789583828224492,0.08576264771453053,0.5187631249427795,0.9569442868232727,0.6690426468849182,1378.9931553824772,764.7943469151076,23.964771270751953,5292.88525390625,1269.9295654296875,17.58057791550979,3.088511237163345,10.893878819787606,34.33507072598494,17.09300726678489,0.3342699671091853,0.09238040503276687,0.050022024661302567,0.5317366123199463,0.35225439071655273,11.999916671164154,4.401520882585605,1.7919367551803589,32.69615173339844,11.860893249511719,94.54949753125929,114.10573605941856,0.23977660111063415,811.8916015591135,57.47985841210209
forza_extreme,4K,Performance,dlss_mode,4K_DLAA_vs_Performance,542,0.7337790943159829,0.06156893288171543,0.5812549591064453,0.9532406330108643,0.7293331027030945,859.3385695003495,494.32157669815217,37.17103958129883,4503.4521484375,784.1959228515625,19.490516668167267,2.602015148795851,11.595348083723358,32.428756534684965,19.186569905312368,0.27805268831853497,0.06481984143656744,0.06405086815357208,0.43155428767204285,0.28207433223724365,8.81870152281659,2.9437358930345043,1.8197764158248901,25.26214027404785,8.471528053283691,49.811590896031085,61.54953661391715,0.1378783751216588,622.7167968296772,34.416626053026334
forza_extreme,1080p,Consistency,consistency,1080p_DLAA_Consistency,542,0.7483583733824346,0.0801071944957527,0.5708125233650208,0.9697028398513794,0.7398720383644104,710.6195168072887,497.1331472399972,14.508723258972168,4170.28759765625,635.4230651855469,20.832717943585546,3.7717625251105806,11.92914354390993,36.514511638663684,20.10017411719226,0.21024801480030553,0.0705271337813289,0.026554960757493973,0.402348130941391,0.222377210855484,7.812176754993706,3.222692698594505,1.4482026100158691,26.732837677001953,7.554201126098633,40.43338137041055,75.30379016664595,0.01751709654001843,911.4174194479476,21.409118648425988
forza_extreme,1080p,Performance,dlss_mode,1080p_DLAA_vs_Performance,542,0.6955676151377689,0.0640437499363401,0.5373855829238892,0.8536900281906128,0.6926039755344391,1088.6204513043056,586.7466370320041,140.64401245117188,5178.94677734375,979.4173278808594,18.30628337561418,2.195110023223896,10.988389129557685,26.64959112918181,18.221125791298878,0.2932938947256421,0.057023234665859665,0.10071831196546555,0.4803059697151184,0.29579412937164307,10.523538241527177,3.3431664494336086,3.636969804763794,30.302425384521484,10.049267292022705,78.28651157862012,104.76899190278158,0.3050537035915113,1117.533203098324,50.93319702726916
forza_extreme,4K,Balanced,dlss_mode,4K_DLAA_vs_Balanced,541,0.7928652186049991,0.06312288642264441,0.6083425879478455,0.9590142369270325,0.7921639084815979,446.51157594564444,283.8228760773787,21.40733528137207,3018.09130859375,397.0636291503906,22.51413505076335,2.9622280852468417,13.333479861909117,34.825177498378245,22.142202531611236,0.19479458788736911,0.05883050130300309,0.04709821566939354,0.32843244075775146,0.19662366807460785,5.952413153956866,2.0646952285616784,1.6088173389434814,18.68506622314453,5.773827075958252,27.967001581795838,31.92039080012293,0.03234878645730532,295.1215823068824,20.779907259505876
forza_extreme,4K,Consistency,consistency,4K_DLAA_Consistency,541,0.6767663164632378,0.06530465487731059,0.5381485819816589,0.8458343148231506,0.6744680404663086,1335.4480181286824,658.7751025227402,364.36529541015625,4465.66943359375,1166.162841796875,17.33658622806756,1.9855387906963253,11.631937891274667,22.5154335571081,17.463211617692277,0.34882682495769424,0.06378520975012635,0.18990206718444824,0.5250330567359924,0.3510066270828247,11.803366130469247,3.700525645933864,5.189079761505127,30.404905319213867,11.159354209899902,94.53291380199094,142.31617847362625,0.12246702448658198,1537.2305298031938,52.91442868437889
forza_extreme,1440p,Performance,dlss_mode,1440p_DLAA_vs_Performance,541,0.6549861254291041,0.08677673410818945,0.4685019850730896,0.9410670399665833,0.647052526473999,1770.876244931036,942.393654033395,25.233551025390625,5898.84912109375,1720.436279296875,16.488243122976,3.132834903061627,10.423130728042743,34.111019893747624,15.774417688061801,0.3826994328258659,0.1011616249894167,0.05856441706418991,0.646824300289154,0.4035356044769287,14.10531491030166,5.105946829496126,1.705649495124817,37.88610076904297,14.302395820617676,139.14919155329926,171.2183841872792,0.0731811439590615,1398.3038329913363,85.01721190755882
forza_extreme,4K,Quality,dlss_mode,4K_DLAA_vs_Quality,541,0.7505894075259704,0.08235550725610968,0.5676531195640564,0.9518782496452332,0.7530393600463867,730.4964864099753,529.3397867434268,45.80368423461914,3491.2412109375,566.9466552734375,20.631967830388977,3.2998206599461986,12.701005054767577,31.521799488375475,20.59538163368781,0.2488830156224933,0.0857572531857757,0.05935972183942795,0.4264243543148041,0.24789142608642578,7.982177606792415,3.5448417488377566,1.7122526168823242,22.909868240356445,7.4052324295043945,44.53119922130557,74.20962803320344,0.059204072574743805,715.7265626539217,23.356994629289147
forza_extreme,4K,Ultra_Performance,dlss_mode,4K_DLAA_vs_Ultra_Performance,542,0.7018602786248901,0.07358265483951879,0.5581942796707153,0.9464876651763916,0.693095862865448,1285.371559509052,705.4793055753925,43.525596618652344,4798.54541015625,1188.67041015625,17.80162596435339,2.85411670066606,11.319707518423314,31.743356280305765,17.38019951036334,0.3561669167859748,0.08412416048920392,0.07620763778686523,0.5266861319541931,0.3725578486919403,11.467715756919551,4.096585796540482,1.980926752090454,30.605480194091797,11.37552261352539,87.63755386326119,97.17182424746426,0.02716070480437338,838.9448243057136,59.04782119619529
forza_extreme,1080p,Ultra_Performance,dlss_mode,1080p_DLAA_vs_Ultra_Performance,541,0.781566408667679,0.08275729903864011,0.5884642004966736,0.95435631275177,0.7901089787483215,582.7613636270689,485.33095972515804,31.599950790405273,3419.0078125,444.76025390625,21.920620524824542,3.736888631769235,12.791802676987613,33.13393954561914,21.64954391377675,0.2183094466459729,0.07906397774914595,0.07688070088624954,0.4088754653930664,0.20442849397659302,7.04394162560567,3.35292788532309,1.8617513179779053,21.978586196899414,6.304825782775879,53.264670316949825,56.0606216209764,0.12124632085715348,790.9112549096307,41.34118648852996
forza_motorsport_ultra,1440p,Consistency,consistency,1440p_DLAA_Consistency,179,0.895794301059659,0.02765486946759302,0.8237284421920776,0.9856747388839722,0.8980299830436707,192.75135182002404,124.0050790845525,4.53764533996582,704.4881591796875,149.78823852539062,26.114354759182625,2.7857969315232327,19.652066628492758,41.562498122266554,26.37602647264518,0.15143717754653047,0.02376622904098592,0.02816111594438553,0.2309015393257141,0.1489708125591278,3.503514146338628,0.9170726781624938,0.28943949937820435,7.227834701538086,3.2745730876922607,27.636730130169354,37.001516881751826,0.1337890584238437,203.3218994291966,12.736389170787959
forza_motorsport_ultra,1080p,Quality,dlss_mode,1080p_DLAA_vs_Quality,179,0.8430005778147521,0.033249113984155206,0.7293015718460083,0.9485253691673279,0.8475960493087769,416.78854620523293,256.16664498308455,14.52338981628418,1776.9945068359375,367.1859130859375,22.614137687216886,2.5033775374123755,15.633942755806324,36.51012366632803,22.481943495217052,0.2291977241552076,0.03463744976860231,0.07244594395160675,0.3782748281955719,0.23039036989212036,5.6560544901054,1.7484691918570139,1.3788437843322754,15.095632553100586,5.306367874145508,35.35243712093094,48.373066611175155,0.1869964595859983,268.4844970712451,17.025772092370858
forza_motorsport_ultra,1440p,Ultra_Performance,dlss_mode,1440p_DLAA_vs_Ultra_Performance,179,0.8799466074511991,0.028013691854938044,0.7732250094413757,0.9419456720352173,0.8823464512825012,243.5612209202857,130.71233948581525,8.238207817077637,843.206787109375,203.91986083984375,24.86414349481964,2.389689578207029,18.871462672780364,38.97247617594236,25.036208347803193,0.2119616074227421,0.027918258931264553,0.04822644218802452,0.29742974042892456,0.20839938521385193,4.438481135408305,1.029159058827831,0.8930793404579163,7.538801193237305,4.235114574432373,27.60616917351142,27.1988851384826,0.8735656915945924,136.95060732944353,17.87594602922752
forza_motorsport_ultra,1080p,Balanced,dlss_mode,1080p_DLAA_vs_Balanced,179,0.8847350787850066,0.026339824878431613,0.817740261554718,0.9393827319145203,0.8854475021362305,248.70996618270874,162.79134493302024,6.238098621368408,1154.0792236328125,195.35243225097656,24.940185566526345,2.6401222080640108,17.50844738178528,40.180281244035776,25.222615380554977,0.1829804352708369,0.023967617217410437,0.05323486030101776,0.23778533935546875,0.18581601977348328,4.21142808119012,1.0863452551173254,0.791146457195282,8.666239738464355,3.938687801361084,36.28293650523126,52.259616647860284,0.13226317633026952,304.8826599198512,15.884338386422343
forza_motorsport_ultra,1440p,Balanced,dlss_mode,1440p_DLAA_vs_Balanced,179,0.8232396338239062,0.034711992564692415,0.6976702213287354,0.9220912456512451,0.8277343511581421,499.8747989505363,282.08504476947286,23.29680633544922,2676.56640625,449.3440246582031,21.66886807564754,2.184633222654381,13.85502338065264,34.45783971427968,21.605013900170032,0.25831752674206676,0.0368932399629831,0.14382636547088623,0.45438653230667114,0.256733775138855,6.551706927448677,1.948708180028941,1.4541774988174438,20.658662796020508,6.165809631347656,53.41600907374107,85.98951228124287,0.40225218447531574,631.0607299669986,25.119567877239433
forza_motorsport_ultra,1440p,Quality,dlss_mode,1440p_DLAA_vs_Quality,179,0.8821488575562418,0.029519763843261382,0.7887629866600037,0.9852993488311768,0.8824409246444702,270.8233904359061,166.36117865847734,2.7528929710388184,776.8786010742188,211.50157165527344,24.661133266789413,2.959045837215899,19.227272017873712,43.73291033960892,24.877667619290634,0.18022617765353713,0.025038719962419992,0.02854791469871998,0.24506796896457672,0.1775680035352707,4.233734481078287,1.192917774131761,0.247253879904747,7.748552322387695,3.839480400085449,29.557733159089196,36.747642555490444,0.11404417989916737,281.37692262780683,17.690139762885707
forza_motorsport_ultra,4K,Performance,dlss_mode,4K_DLAA_vs_Performance,179,0.8320397138595581,0.032033957343491994,0.7332910299301147,0.9160671234130859,0.83193039894104,437.5844931202894,244.3483948067461,13.888672828674316,2440.965576171875,386.53143310546875,22.235435217472837,2.1956445654216634,14.255187060652311,36.70419613382373,22.258955439352384,0.24789877885213776,0.03659666940490868,0.06180472671985626,0.4055429697036743,0.24333493411540985,5.955552341551754,1.6378677263704897,1.2903214693069458,18.22014617919922,5.727543354034424,43.959636190645575,73.15673662902188,0.0497435999868685,619.6777954072264,21.58724973857477
forza_motorsport_ultra,1080p,Consistency,consistency,1080p_DLAA_Consistency,179,0.8417740587415642,0.03623513352476254,0.7241073250770569,0.9543209075927734,0.8429836630821228,371.3707355360745,250.50749235284457,8.373990058898926,1799.8262939453125,321.04791259765625,23.31773281680416,2.972012036906859,15.578497686653513,38.901479198808744,23.065105103197002,0.21852006340742777,0.04214220096607967,0.052675943821668625,0.38165974617004395,0.218430757522583,5.4096475120363285,1.7824023661203707,1.0570300817489624,15.553842544555664,5.175238609313965,29.52832494592863,41.423799064324264,0.00019836184154087277,358.26745605606595,16.48159790074186
forza_motorsport_ultra,1080p,Performance,dlss_mode,1080p_DLAA_vs_Performance,179,0.8532984446546885,0.03413599300031146,0.7460817098617554,0.9852424263954163,0.8564517498016357,354.6873952210282,224.79414230614552,1.973935604095459,1605.0946044921875,304.17645263671875,23.407337736091613,2.8841137910083505,16.075797259973726,45.17747380336814,23.29954770104778,0.22504054263816867,0.03233913538560491,0.039021141827106476,0.3487648367881775,0.22455541789531708,5.2646440958510565,1.5040619537214592,0.3050254285335541,13.612075805664062,5.0415778160095215,44.50465192437608,63.10695975523117,0.1293945199203108,310.9865722644399,19.118377692380705
forza_motorsport_ultra,4K,Balanced,dlss_mode,4K_DLAA_vs_Balanced,179,0.8455275363762286,0.033022356867890144,0.7562434673309326,0.9594112634658813,0.8475504517555237,347.49346703124445,197.62043676853887,3.2842767238616943,1756.0775146484375,307.56597900390625,23.387568589937352,2.706502754312849,15.685366787732878,42.96640618454915,23.25142065980415,0.22168872932065797,0.03581265972137408,0.042082708328962326,0.3612901568412781,0.22239115834236145,5.19538406353423,1.423657804888419,0.5071327686309814,14.072754859924316,4.978243827819824,36.4508911798941,59.056852453622106,0.7662505776687851,431.4998779322582,14.72654722912145
forza_motorsport_ultra,4K,Consistency,consistency,4K_DLAA_Consistency,179,0.8609029194496197,0.03461399850476948,0.7729758620262146,0.9863136410713196,0.8597204089164734,271.6491286348364,164.38048543290742,1.5948320627212524,1274.0067138671875,222.808349609375,24.584346624074048,2.970207678590659,17.079086441811462,46.103654026743044,24.651488991358235,0.18424108197818923,0.03319083381995244,0.020931873470544815,0.31251639127731323,0.18362125754356384,4.297577474037362,1.1979582358382022,0.23269492387771606,10.762667655944824,4.132843494415283,31.519244912768503,44.356594300128826,0.036437964880633444,309.81921384823795,12.79818726590895
forza_motorsport_ultra,1440p,Performance,dlss_mode,1440p_DLAA_vs_Performance,179,0.8850754109840819,0.02797603527462322,0.7970878481864929,0.9850911498069763,0.8864057660102844,243.5536310472968,131.13033896020553,3.0738534927368164,678.0718383789062,202.1809539794922,24.925575401826283,2.6272788862865024,19.818046531973092,43.253971967322414,25.073401194606024,0.18835863289969593,0.024180700282040626,0.03462784364819527,0.2369213104248047,0.18884824216365814,4.048754113346504,0.9894182434701,0.27095162868499756,7.120701313018799,3.793599843978882,28.92618942019993,34.55021538546871,0.6712341431554592,191.49490356553963,16.78376768478364
forza_motorsport_ultra,4K,Quality,dlss_mode,4K_DLAA_vs_Quality,179,0.8445968438127187,0.03373440121619845,0.7504107356071472,0.9842091798782349,0.8437049388885498,371.2465263372027,214.67764124654155,1.8829140663146973,1555.2135009765625,316.4836120605469,23.119988189723546,2.778833907063557,16.212903431119898,45.38249861019569,23.127291342742204,0.21971444435958756,0.03653830629981891,0.027704790234565735,0.3913710415363312,0.21753667294979095,5.233678864200688,1.508574745996273,0.25937315821647644,12.57476806640625,4.884949684143066,39.236313555560386,51.16591237977711,0.09231567069991797,322.6442871538027,21.276794469244066
forza_motorsport_ultra,4K,Ultra_Performance,dlss_mode,4K_DLAA_vs_Ultra_Performance,179,0.8212222483571016,0.048861960925890756,0.31721991300582886,0.8954331278800964,0.8251646757125854,477.00679808888356,226.37730860785098,32.177032470703125,2127.83203125,433.0107116699219,21.758264661736433,1.9340153428726956,14.851430186266645,33.055343721001044,21.76581720954271,0.28044155306656265,0.03780361735425778,0.13980844616889954,0.4465457499027252,0.27875977754592896,6.5242314811525395,1.6435894153583892,1.7908824682235718,17.35430908203125,6.319666862487793,41.7335072016378,44.940015334456874,0.04959100334343702,285.67138660890237,30.55241391164907
forza_motorsport_ultra,1080p,Ultra_Performance,dlss_mode,1080p_DLAA_vs_Ultra_Performance,179,0.8792822863802564,0.026917116906292258,0.8063874244689941,0.9823479652404785,0.8818352818489075,255.95685661305262,154.86698428381013,2.099729061126709,924.6233520507812,189.3151397705078,24.782498800881125,2.7419803270488763,18.47115503197032,44.90917101776317,25.35895014437809,0.21404307951640816,0.025361006573595,0.04123743623495102,0.2806234359741211,0.21427837014198303,4.5670879406635985,1.133679315184415,0.33115482330322266,8.160931587219238,4.288474082946777,37.34951597224062,52.494886067471455,0.15893553427963525,346.6651306333189,18.85833741068302
rdr2_ultra,1440p,Consistency,consistency,1440p_DLAA_Consistency,792,0.5004225491800092,0.15739036124814354,0.18698066473007202,0.9575973153114319,0.47063906490802765,1654.6686158144112,1039.1610205012416,15.400816917419434,6287.939453125,1538.697021484375,17.31204812248138,4.208699495471239,10.145720096591269,36.25536602803022,16.25927252005456,0.4508465940739508,0.1607367873868351,0.025278981775045395,0.7279014587402344,0.4699319452047348,16.32297126316663,7.575655921053253,1.0737444162368774,42.95714569091797,15.767149925231934,140.19273712002274,202.88934477362724,0.003692620157039528,1137.9987488134152,56.62020870026271
rdr2_ultra,1080p,Quality,dlss_mode,1080p_DLAA_vs_Quality,790,0.4766908912907673,0.15773006634732556,0.15433982014656067,0.9848254323005676,0.4532281756401062,1746.3906188729443,1211.7959358757234,0.8309826850891113,10762.4560546875,1518.123046875,17.05306928620278,4.2888771913512,7.811689697159031,48.93488386239752,16.31773515904225,0.47296894378370685,0.15342222958671853,0.01380284782499075,0.8305572867393494,0.5058946311473846,16.951244189184678,7.529427070914189,0.17563267052173615,52.60146713256836,16.193466186523438,168.22248771162083,242.5232690214672,0.021999359201032576,2170.7128220280233,67.071960449539
rdr2_ultra,1440p,Ultra_Performance,dlss_mode,1440p_DLAA_vs_Ultra_Performance,793,0.5065262032740879,0.153840788285478,0.056522782891988754,0.9751651883125305,0.4853772521018982,1688.8904511232545,1056.2366901435216,1.6029080152511597,7475.65234375,1515.037353515625,17.082710433195256,3.9248129354518566,9.394312646166687,46.08171760294841,16.326570202898303,0.4748399813259009,0.14973964668842082,0.02449711784720421,0.7387840747833252,0.48905259370803833,16.527536797963204,7.503659436518536,0.23833896219730377,45.60367202758789,16.005952835083008,158.22082307470373,208.5902018903097,0.10557935792119366,1141.7689209570965,81.59533692472974
rdr2_ultra,1080p,Balanced,dlss_mode,1080p_DLAA_vs_Balanced,787,0.47369880218820926,0.162730718517253,0.24017241597175598,0.9705985188484192,0.4373876452445984,1824.068654306659,1033.0269169730323,1.650665521621704,4879.58984375,1753.59375,16.90927425491684,4.543667589979421,11.246970421607376,45.95421280839777,15.691513719339302,0.4886984311238291,0.16080327720386206,0.027012860402464867,0.7136614918708801,0.535789966583252,17.639423697505247,7.4104878045533455,0.2400784194469452,38.07502365112305,18.70100212097168,173.67417772611725,212.65684136176364,0.039825441471307954,1299.1813049244206,97.94018557198768
rdr2_ultra,1440p,Balanced,dlss_mode,1440p_DLAA_vs_Balanced,790,0.4798572361846513,0.14937748621201874,0.2312624752521515,0.9716665744781494,0.45916083455085754,1874.4815080217168,1072.2345284421694,1.6460177898406982,5892.83984375,1827.21923828125,16.664134227856778,4.164258862676415,10.427557229156077,45.96645836195853,15.512897164460131,0.49665614394588936,0.15736275049701617,0.023435471579432487,0.7350215315818787,0.537479430437088,17.775518148684803,7.48596317874454,0.2612663507461548,41.702178955078125,18.078733444213867,164.36794173956585,209.19039331938706,0.19453429116433085,1124.627563563582,88.26245112875634
rdr2_ultra,1440p,Quality,dlss_mode,1440p_DLAA_vs_Quality,788,0.4976862004300967,0.17442002055072045,0.1715131402015686,0.9883430600166321,0.46608223021030426,1767.6429671569524,1129.7616729409976,0.6960206031799316,6442.52685546875,1635.7128295898438,17.321452622874837,4.962866646249518,10.040241232984288,49.70458265345109,15.99373410044845,0.46496037196315976,0.17726892134433056,0.013107993640005589,0.7271343469619751,0.4986953139305115,16.834197004774804,8.106459913308772,0.12143644690513611,43.329402923583984,16.1403751373291,152.99253842899893,214.042968074711,0.08441165601084322,1325.1184387650233,69.89279176683317
rdr2_ultra,4K,Performance,dlss_mode,4K_DLAA_vs_Performance,807,0.43711448721172197,0.11800694576415822,0.0554843470454216,0.9653334617614746,0.4227195084095001,2723.614171673374,1424.6072373950149,2.1452436447143555,12856.1884765625,2693.936279296875,14.627471161801694,3.4868737941548056,7.039681301453655,44.816037368199375,13.826930418926118,0.5945408047699684,0.1268537254974618,0.028217392042279243,0.886634349822998,0.6273736953735352,22.45580507296021,7.320362689078073,0.31332388520240784,57.67658233642578,23.768566131591797,251.5992747976375,259.6801587917601,0.06726062541770261,2355.119964836849,171.5118405347016
rdr2_ultra,1080p,Consistency,consistency,1080p_DLAA_Consistency,800,0.5030346274003387,0.14271617425536956,0.2562350034713745,0.9721614122390747,0.4739179462194443,1387.6789648389815,816.522947073719,18.708431243896484,5962.43212890625,1347.1968994140625,17.776223944802062,3.6363814823635536,10.376569124187773,35.41042988690348,16.836495853231195,0.42057091240305455,0.13999221204471823,0.043806374073028564,0.7081307768821716,0.4588022381067276,14.663824161551894,5.6459869978887705,0.3154749572277069,34.9069938659668,15.021553993225098,102.48225936845616,142.54276172499266,0.040206906756623084,1226.7022095144466,51.03640747272061
rdr2_ultra,1080p,Performance,dlss_mode,1080p_DLAA_vs_Performance,791,0.4952705368945933,0.17584828172316003,0.24890635907649994,0.9842495322227478,0.45235130190849304,1647.3733579034902,1047.2312838009343,1.0128310918807983,5338.92822265625,1588.1715087890625,17.712991266433534,5.172376355198193,10.856262786902525,48.07543336021445,16.12182960195814,0.4508858408906065,0.1749131755530983,0.018275316804647446,0.7158089876174927,0.5115838050842285,16.37102869501533,7.604819378627489,0.15795700252056122,39.93409729003906,17.228538513183594,152.6276953362466,199.0366429412376,0.05175783418280844,1475.1710816344614,82.2683715638093
rdr2_ultra,4K,Balanced,dlss_mode,4K_DLAA_vs_Balanced,807,0.37094277992863045,0.07395112790313908,0.07046159356832504,0.6269928216934204,0.36780235171318054,3374.264203966181,1373.6850322860505,132.19029235839844,11634.7333984375,3249.33837890625,13.170196176588462,1.7384377687983512,7.47323924677392,26.918807977756266,13.012854207018535,0.6680111572737292,0.05274111577696912,0.09113151580095291,0.8971319198608398,0.6747144460678101,26.023636020396868,5.6772231087118685,1.3328698873519897,52.44040298461914,26.73776626586914,377.3288457118215,330.8689859114656,0.3665775828601454,2373.629806670408,296.0331422017626
rdr2_ultra,4K,Consistency,consistency,4K_DLAA_Consistency,804,0.5179940286412168,0.1376135970842411,0.2722274959087372,0.9615781307220459,0.48460374772548676,1650.37601764641,897.4691099424514,19.8970947265625,5044.59716796875,1686.5228271484375,17.102781939996092,3.959031098419906,11.102538691281367,35.14290693319239,15.860881876762463,0.46838078389305676,0.15258001541411462,0.03286672383546829,0.709693193435669,0.514826089143753,16.245780529778692,6.336545730386177,0.4729299247264862,31.007083892822266,17.09562873840332,132.36118353068684,165.0612695050861,0.1438598566676319,1386.8855131782998,72.78065871980655
rdr2_ultra,1440p,Performance,dlss_mode,1440p_DLAA_vs_Performance,803,0.5512654147810241,0.13848732406136685,0.272396057844162,0.9841775894165039,0.523070216178894,1069.9106468439547,697.9548834082027,0.991683304309845,5596.2265625,1005.4979858398438,19.130653986618245,4.11568234000494,10.651850723369376,48.16707359227867,18.10699155889916,0.36119302851640867,0.1302240589217424,0.01645078882575035,0.7013391852378845,0.3890082836151123,12.183563640598639,5.061420363311979,0.16354435682296753,32.89286804199219,12.688271522521973,63.33417261921976,90.79827594789846,0.15182877077237578,916.645385796663,35.313598598627664
rdr2_ultra,4K,Quality,dlss_mode,4K_DLAA_vs_Quality,795,0.4470574933965251,0.11920141386567831,0.15138402581214905,0.9659157991409302,0.43472298979759216,2481.1139361309556,1266.6120395828657,2.3599371910095215,12733.76171875,2390.869384765625,14.99741593597262,3.41972737355279,7.081236420245728,44.40179916355841,14.345245099821621,0.5786288767725042,0.12400477209673105,0.030297905206680298,0.9057697653770447,0.601641833782196,21.121373263170135,6.9010813718619355,0.3202390670776367,57.53046417236328,22.255556106567383,232.79794047830285,244.5402258241796,0.2790451059055954,2260.7410280659137,158.0549928024717
rdr2_ultra,4K,Ultra_Performance,dlss_mode,4K_DLAA_vs_Ultra_Performance,795,0.5000279020400917,0.13672230492287094,0.1628248244524002,0.9614676237106323,0.48712071776390076,2018.6436397240598,1059.0754557726211,64.90638732910156,6533.22021484375,1887.2620849609375,15.956621672757999,3.236198609542231,9.97953063694534,30.007929237703614,15.37248145838804,0.5290244496468478,0.13535537948832832,0.051894962787628174,0.7410603165626526,0.5563782453536987,18.529787221569684,7.120780182015345,0.7874245047569275,43.455936431884766,18.70956039428711,193.07132056662059,215.9875130611901,0.07202908995719781,1324.2937012608409,122.20721445208687
rdr2_ultra,1080p,Ultra_Performance,dlss_mode,1080p_DLAA_vs_Ultra_Performance,800,0.4959286618605256,0.14399162125222145,0.21163520216941833,0.9527842998504639,0.4646170884370804,1648.7139375174045,1083.4231784096135,14.738852500915527,10121.033203125,1562.6322021484375,17.21146095861028,4.045956607544105,8.078555112582363,36.44616688194239,16.192236481165338,0.48080204032361507,0.14292917926238152,0.06888067722320557,0.808688223361969,0.5135835409164429,16.497515645325183,6.611568138110901,0.9306349754333496,49.548587799072266,17.29778289794922,169.1414298838331,198.4374208578149,0.475967411409016,2019.2564240083063,104.04962155038686
cyberpunk,1440p,Consistency,consistency,1440p_DLAA_Consistency,398,0.7623890475861391,0.08172601433991887,0.4997642934322357,0.917831301689148,0.7859939336776733,705.2517680259206,455.39028604755055,89.78337097167969,4118.69482421875,595.2124938964844,20.41536410804182,2.5910184011361466,11.983207468837767,28.598844536437163,20.384083313501094,0.26463751431236315,0.06692161681749405,0.13691586256027222,0.47487762570381165,0.26123398542404175,8.456538178213878,2.8340916093397115,2.2309653759002686,24.62381935119629,8.152965545654297,45.756566444508536,83.10990758398837,0.02049255074794587,1065.4100341665294,26.051681529801556
cyberpunk,1080p,Quality,dlss_mode,1080p_DLAA_vs_Quality,392,0.7954429462552071,0.07590325481021176,0.6112331748008728,0.9171746373176575,0.819861888885498,344.9964425417842,227.10366121169034,93.25082397460938,2734.8095703125,282.4117889404297,23.38824950510762,2.250610594042456,13.76153269848102,28.43427682896085,23.621975415522495,0.3285406219715975,0.06978554164966054,0.13769671320915222,0.5425286293029785,0.32259754836559296,6.670781817971443,1.917620817482368,3.6080806255340576,20.060081481933594,6.269479036331177,21.12916954331457,45.68657000845766,0.01779937712565527,685.874511724864,11.313304901051517
cyberpunk,1440p,Ultra_Performance,dlss_mode,1440p_DLAA_vs_Ultra_Performance,398,0.587935933450134,0.11284447608581653,0.05456005781888962,0.7526648044586182,0.6003811359405518,3528.6552700636976,1995.7416024483728,945.71728515625,8823.04296875,2962.763671875,13.39458509582961,2.596976097045991,8.674619665957769,18.373190340295974,13.413856498653097,0.6144047480581993,0.06731290584402336,0.46363091468811035,0.7698178291320801,0.6185533404350281,24.749155518996655,8.317450445291328,11.277287483215332,51.318267822265625,24.405234336853027,284.12204767876426,363.4180985843869,0.10144030487754208,2775.1923218816037,188.05156712196015
cyberpunk,1080p,Balanced,dlss_mode,1080p_DLAA_vs_Balanced,393,0.8353799138663682,0.06527263700254732,0.6558348536491394,0.9336456060409546,0.8490146398544312,195.56913754412236,108.04280146448879,59.45930099487305,854.0440063476562,170.49468994140625,25.76192761841182,2.126038999155846,18.816001116993238,30.388605615464833,25.813695034341603,0.20389583780792833,0.04617410470688429,0.10973268002271652,0.3762282729148865,0.1953078806400299,4.813198671389475,1.2508789182490099,2.268864870071411,12.722386360168457,4.591086387634277,14.342460291861647,27.211629188282217,0.04628753633564031,304.2279357882989,7.495231630188968
cyberpunk,1440p,Balanced,dlss_mode,1440p_DLAA_vs_Balanced,398,0.5836015841338652,0.10945982741971003,0.054546549916267395,0.7469324469566345,0.5967214703559875,3510.3338932823294,1986.398893791769,889.7329711914062,9443.3046875,2899.3787841796875,13.409395121480351,2.5806932822427773,8.379563584776067,18.63820676176716,13.5077952377471,0.6149351508473632,0.06497796820673375,0.47228214144706726,0.7850882411003113,0.6165644526481628,24.62829305179155,8.167585564492283,10.968891143798828,46.518795013427734,24.31828498840332,268.47198200972826,370.15250959968586,0.831893921065614,3258.999939041222,173.82533263991846
cyberpunk,1440p,Quality,dlss_mode,1440p_DLAA_vs_Quality,398,0.5374699363382018,0.13850754403923649,0.05853953957557678,0.7457020282745361,0.5648921132087708,3733.0019897767647,1905.842571009375,568.5430297851562,11270.63671875,3174.123779296875,12.970406958882423,2.251466552662629,7.611319092735695,20.583170213233934,13.114615860266664,0.6562907677799014,0.06729227524748836,0.5082752704620361,0.9011244773864746,0.6569085121154785,26.21366506844909,7.300094324653317,11.640442848205566,47.341400146484375,24.350274085998535,387.2788535903244,449.1950251249427,2.68371594236703,4103.094238364315,262.07445771839866
cyberpunk,4K,Performance,dlss_mode,4K_DLAA_vs_Performance,399,0.5431151759617012,0.15962928723127714,0.046350717544555664,0.7510615587234497,0.5939841866493225,4228.382116791001,2976.671353798822,749.477783203125,13946.53125,2985.787109375,12.800684854235506,2.806158861619316,6.6861415657801615,19.383215972997487,13.380215221539775,0.658804516445724,0.08581219920561724,0.47282254695892334,0.9186076521873474,0.6424016356468201,27.759658094038045,11.392455428772926,13.161532402038574,61.20359420776367,23.487268447875977,486.39134090039425,786.3638429899463,2.289306547915203,8196.34786980726,320.1488039234107
cyberpunk,1080p,Consistency,consistency,1080p_DLAA_Consistency,392,0.8238322917295962,0.06991971161744163,0.6516270041465759,0.9403338432312012,0.8462550342082977,245.21638873158668,145.23596225107724,61.8234977722168,1275.713134765625,206.982421875,24.878398515503935,2.3375359327170493,17.073273338140176,30.21926788477731,24.97147251601895,0.23078372705803843,0.059845147728203416,0.09553185105323792,0.4058874845504761,0.22780916839838028,5.401206372951974,1.5125976861357664,2.5325045585632324,12.22055435180664,5.087725877761841,14.417305502343613,21.970996092133607,0.020080565625221425,313.51708984838785,9.09552764819908
cyberpunk,1080p,Performance,dlss_mode,1080p_DLAA_vs_Performance,392,0.9131801841514451,0.04363334645901124,0.7413281202316284,0.9727164506912231,0.9239994585514069,90.73913162095207,66.93099514610206,15.954755783081055,569.777587890625,69.67341613769531,29.387773452843337,2.5920000975412436,20.573749985317722,36.1019019996433,29.700141378573896,0.12600915649981828,0.031401071377866956,0.06135563179850578,0.27246788144111633,0.12236607447266579,3.1707532500125923,1.045753535695821,1.2108564376831055,12.09294319152832,2.932944655418396,12.403411857049637,20.252124262987497,0.027740480789248068,297.68853759867284,7.391128543469577
cyberpunk,4K,Balanced,dlss_mode,4K_DLAA_vs_Balanced,397,0.7543819333504069,0.08134083856630837,0.45034536719322205,0.9002201557159424,0.7744935154914856,982.4024744298056,692.4924800376616,131.1319580078125,6017.697265625,821.0543823242188,19.10935849456082,2.826554375063635,10.336500251168214,26.953718149057554,18.987084374133417,0.3514985425271075,0.082199923960627,0.10328279435634613,0.6365970969200134,0.3448408246040344,10.263532790489101,3.766565436753533,3.05214262008667,33.29359436035156,9.883559226989746,57.16299087944461,103.16556868720616,0.22657775585835793,940.1619262731282,30.671691900612842
cyberpunk,4K,Consistency,consistency,4K_DLAA_Consistency,399,0.5802905237801691,0.12954884398236938,0.051726751029491425,0.7530133128166199,0.6170644164085388,3759.133016103491,2072.2706080502458,987.5170288085938,10782.34375,3083.86181640625,13.061025678119849,2.465026533192988,7.803671874887779,18.185357675022317,13.2398545118963,0.6273510984908369,0.06410177472446277,0.4612109661102295,0.7445014119148254,0.6193090081214905,25.653692451037262,7.6213965849652965,13.301628112792969,42.21769332885742,24.750329971313477,319.0261916578265,407.4210171368569,0.7435760963661266,3744.2356111649106,223.96478273238426
cyberpunk,1440p,Performance,dlss_mode,1440p_DLAA_vs_Performance,393,0.8708739778164386,0.06547543455287631,0.6199249625205994,0.9822706580162048,0.8830855488777161,348.3654679087282,383.396761123329,15.15163516998291,2507.338134765625,231.74476623535156,24.39474161131464,3.7487123663164645,14.138674548472894,36.326208562817584,24.480704261237513,0.13296659735360825,0.04309750746011308,0.031533099710941315,0.3036174774169922,0.12909457087516785,5.286133363956713,2.63447865597275,0.8093181252479553,20.7136287689209,4.77088737487793,38.413367702159704,65.22950645900825,0.027801530904298488,897.8364257878616,23.834045417331424
cyberpunk,4K,Quality,dlss_mode,4K_DLAA_vs_Quality,399,0.6184907194068259,0.09497810351013151,0.35645970702171326,0.7771598696708679,0.6325789093971252,3271.5239037535243,1856.927098803465,726.0,11555.55859375,2894.871337890625,13.728609731404351,2.6291619121944723,7.502894168234723,19.521437401678167,13.514510945266803,0.5875968796418125,0.07179786073179381,0.45405057072639465,0.7573713064193726,0.58492511510849,23.208218507599412,7.827935698044964,10.606378555297852,49.93590545654297,21.848752975463867,247.33661714678004,381.1864978710704,0.7281036254812534,3374.8496095257624,149.46405034746016
cyberpunk,4K,Ultra_Performance,dlss_mode,4K_DLAA_vs_Ultra_Performance,399,0.7618254718923927,0.08322790888530548,0.4632068872451782,0.8997771739959717,0.7888798117637634,959.9333170266976,688.7741024456948,138.0518035888672,5700.361328125,758.0550537109375,19.26080873760989,2.901767753821475,10.57177975750276,26.73038275980452,19.333796134751267,0.35708130451670866,0.0798656956356055,0.12457941472530365,0.6249532699584961,0.3511597216129303,10.145994570619779,3.836192641039594,3.054105043411255,31.675037384033203,9.530613899230957,61.24503802990356,115.70370131064715,0.1345977864451129,1332.8345336859325,35.34455872682372
cyberpunk,1080p,Ultra_Performance,dlss_mode,1080p_DLAA_vs_Ultra_Performance,393,0.9168503536219512,0.04355225450467008,0.7666710615158081,0.9801897406578064,0.9307206273078918,98.20631752305358,88.8556346110633,8.620980262756348,851.595703125,71.0829849243164,29.3431302121932,3.0301208222442275,18.828468994048308,38.77523710066257,29.613147044113322,0.13478704346651946,0.03527644539225819,0.04399698227643967,0.3124808073043823,0.13106279075145721,3.2305562763117046,1.1719065232254777,0.9986928701400757,11.481782913208008,3.068138599395752,18.20036076479264,34.43081590417103,0.07252502651749637,398.5729827866404,10.43817138410293
marvel_rivals_low,1440p,Consistency,consistency,1440p_DLAA_Consistency,544,0.695380901616505,0.08226397165337125,0.10341356694698334,0.9870275855064392,0.6858919560909271,884.3544553097556,536.7412549490164,43.10224151611328,5447.08935546875,785.8753662109375,19.431466247918394,2.8474093816545953,10.769158612568477,31.785805047961354,19.177286034737776,0.271322941460633,0.09274144802063618,0.005101320333778858,0.6519155502319336,0.2715907096862793,10.084085412159125,4.002528727076356,0.2723642587661743,32.38815689086914,9.65900468826294,58.68014183717561,131.14339400429483,0.0130615208324798,1518.2066650236939,19.59007262989286
marvel_rivals_low,1080p,Quality,dlss_mode,1080p_DLAA_vs_Quality,544,0.6652310871354797,0.0830032639163116,0.39508920907974243,0.9853077530860901,0.655851811170578,1009.614899389884,633.0755445569744,56.1585807800293,7008.64404296875,898.6026306152344,18.815969950137326,2.7088626980828625,9.674463573974329,30.63664236945414,18.595126756454572,0.2947201386936392,0.09239497829287074,0.008369697257876396,0.6049191951751709,0.2968017905950546,11.24201645187157,4.473679370594817,0.40920954942703247,41.46824264526367,10.809176445007324,73.00716864802237,201.85499251424014,0.012451181645701581,2917.57952879063,25.47028349714971
marvel_rivals_low,1440p,Ultra_Performance,dlss_mode,1440p_DLAA_vs_Ultra_Performance,544,0.7765599007800441,0.07053712009109298,0.10992787033319473,0.9867857694625854,0.7732203304767609,545.5596566620995,383.9466243788243,114.39342498779297,3117.303955078125,436.7366638183594,21.50932637244768,2.4781698459023604,13.19301210314749,27.546792977184328,21.72860941864017,0.18222739150480585,0.07568443402773768,0.013661536388099194,0.6575939655303955,0.1641826182603836,6.8812643583206565,3.080477205335506,0.5021370649337769,21.286462783813477,6.285336494445801,46.41951234281313,116.96908551484213,0.0015259273251331251,1176.892333914619,21.92164611692496
marvel_rivals_low,1080p,Balanced,dlss_mode,1080p_DLAA_vs_Balanced,544,0.6568956207484007,0.08145863470686747,0.38415423035621643,0.9846194386482239,0.6466439366340637,1055.5628877387328,517.7861249559024,62.33325958251953,3790.989501953125,965.2594299316406,18.517320204632526,2.589452081209899,12.343277790925287,30.183605228947705,18.284366777448398,0.3145249861751354,0.09164413571885013,0.008855403400957584,0.6033745408058167,0.32209716737270355,11.73812282299075,4.141846221321523,0.40458256006240845,26.472862243652344,11.425435066223145,66.52310992501317,106.70568045020151,0.07110598091716724,955.828185989316,29.500671375452043
marvel_rivals_low,1440p,Balanced,dlss_mode,1440p_DLAA_vs_Balanced,544,0.6798448934055427,0.07925849500040907,0.19226986169815063,0.9768472909927368,0.6729278564453125,1024.3818356990814,536.042007504594,109.455810546875,5248.1865234375,918.4402465820312,18.62201388519967,2.4390580269365056,10.930710991611042,27.738415394914814,18.500295494950542,0.31474450168282014,0.09155234254179355,0.014392288401722908,0.6356667876243591,0.31754109263420105,11.229240349000868,4.11669922785696,0.5292690992355347,34.18056106567383,10.871867179870605,89.50087294161078,224.11737119200654,0.0723266658344528,2208.4273070840836,28.648178094193668
marvel_rivals_low,1440p,Quality,dlss_mode,1440p_DLAA_vs_Quality,544,0.8619126811185304,0.06423533044701474,0.6044977307319641,0.9879397749900818,0.8714201152324677,368.3772989230997,430.2097412489674,56.96045684814453,5269.267578125,252.22286224365234,23.77290576002562,3.0042713940828616,10.913301078725466,30.57506896990645,24.112973137087756,0.11337157812222894,0.06790983471757833,0.011652656830847263,0.4847550392150879,0.09052591770887375,4.964903186732793,3.236065270170291,0.4578602612018585,33.0114860534668,4.216764450073242,49.64361079855019,198.50207992554934,0.007873555359481088,2280.87756343783,8.880920412116382
marvel_rivals_low,4K,Performance,dlss_mode,4K_DLAA_vs_Performance,544,0.7113209340639193,0.07688522335589912,0.08411607891321182,0.9836680889129639,0.7040206789970398,1006.5625727316913,571.7195849708661,90.9751205444336,5586.447265625,908.0301818847656,18.751804336737806,2.542606521822867,10.659446573552705,28.54157721157616,18.5498008523072,0.32710924952784004,0.09451547609112014,0.010732481256127357,0.6583453416824341,0.3367246240377426,10.905471327933757,4.170447398671309,0.39440861344337463,35.474815368652344,10.577325344085693,77.23816985061053,196.49200638628227,0.002319309720178353,2227.289123499826,25.01979060672855
marvel_rivals_low,1080p,Consistency,consistency,1080p_DLAA_Consistency,544,0.6575642441235044,0.08476078201157669,0.40919575095176697,0.9874445199966431,0.6452763676643372,1035.762403123519,645.1245701818275,49.870906829833984,7124.2783203125,914.1795959472656,18.725744534726065,2.7912775650109953,9.603394833985952,31.152330955648818,18.520488372193128,0.3016694650714806,0.0935716893336155,0.007273106835782528,0.6035729050636292,0.30779731273651123,11.480468770434314,4.561176340640166,0.342983216047287,42.14799499511719,11.00676965713501,75.40528675027869,203.38023757095988,0.1348724444139009,2974.623718258772,28.032424925088236
marvel_rivals_low,1080p,Performance,dlss_mode,1080p_DLAA_vs_Performance,544,0.7850305263829582,0.07053221905953982,0.5635782480239868,0.9900649785995483,0.7812580466270447,471.4439574480057,399.02732857255825,55.150901794433594,5095.74072265625,369.9635467529297,22.310241762123272,2.747853921684693,11.05873038397819,30.715277427110237,22.449214780195863,0.1412362199078095,0.06968567600363353,0.007827161811292171,0.48194652795791626,0.12094615027308464,6.374434416182339,3.109227091170391,0.3680095672607422,31.76080322265625,5.765162467956543,34.46251042829774,83.18292231247814,0.033264159862710585,1022.1562499492593,15.365509029770351
marvel_rivals_low,4K,Balanced,dlss_mode,4K_DLAA_vs_Balanced,544,0.7068032178589526,0.07399302069008505,0.40097686648368835,0.9877175092697144,0.6982452869415283,1047.6975828339073,606.7156607750172,87.5380630493164,7021.5439453125,932.4281921386719,18.58400923053032,2.5498343693191856,9.666477425836689,28.70883428098471,18.43465048562129,0.3377736673676683,0.09586906130081276,0.012255383655428886,0.6196442246437073,0.3479785770177841,11.281685617094968,4.370422485078286,0.42117100954055786,42.045711517333984,10.8694167137146,87.94897590943131,264.40160059718033,0.11614992924000944,3156.018401839192,27.177993730268753
marvel_rivals_low,4K,Consistency,consistency,4K_DLAA_Consistency,544,0.7242509547949714,0.07364857326685974,0.4562436640262604,0.9923535585403442,0.7149422764778137,885.6821625933927,551.2297783891573,45.13617706298828,4673.70654296875,783.889892578125,19.446626732485772,2.8727614876370713,11.434189208413102,31.58555588376011,19.18825459929574,0.28963901754297483,0.09319040008072463,0.005475751589983702,0.5440455079078674,0.29596613347530365,9.946502598440823,4.052255791959075,0.25817251205444336,30.02679443359375,9.492222309112549,68.14537229343924,178.93007496721194,0.03556826147917036,1808.1318969396596,21.566421524202724
marvel_rivals_low,1440p,Performance,dlss_mode,1440p_DLAA_vs_Performance,544,0.6873252972659162,0.08017436542124275,0.1077990010380745,0.9773678779602051,0.6803130209445953,986.9444146857542,617.7218222510592,102.43534851074219,8176.4072265625,889.9869384765625,18.840030942157227,2.4888724084623015,9.005178474700399,28.0263051151258,18.63696961739249,0.2996907581058194,0.09181332394801824,0.011819337494671345,0.6739982962608337,0.30200040340423584,10.864303119371042,4.37877896431045,0.5090144872665405,48.45574951171875,10.474650859832764,65.36632935127308,178.0104852458663,0.1691589317896387,2518.3514403869594,22.006469759158165
marvel_rivals_low,4K,Quality,dlss_mode,4K_DLAA_vs_Quality,544,0.7096354390001473,0.07735421024689985,0.1268480122089386,0.9837190508842468,0.7012496590614319,1004.0227337164038,595.1993678014853,83.29366302490234,7032.93896484375,896.6053161621094,18.784522043008618,2.5777629324799105,9.659435124501792,28.924683992931094,18.60479117695147,0.3234688673264292,0.09521459675786664,0.00993732176721096,0.6080915927886963,0.33173707127571106,10.886803975054885,4.266249490782424,0.3935861885547638,41.93656539916992,10.391684532165527,88.11065817591866,264.3614689529038,0.05767818909748712,3155.054534687012,26.00144960350346
marvel_rivals_low,4K,Ultra_Performance,dlss_mode,4K_DLAA_vs_Ultra_Performance,544,0.698487381779534,0.07150783187016942,0.35868290066719055,0.9817020893096924,0.6928292810916901,1162.161552807864,592.7286726817181,97.08750915527344,5441.794921875,1052.9724731445312,18.071731098796263,2.473091971009612,10.773381898292161,28.259170017516997,17.906633553312286,0.37866770742830874,0.09446581472956242,0.013723032549023628,0.5990265607833862,0.3892390727996826,12.365044957300757,4.373086698634141,0.4671247601509094,33.58926773071289,12.038009643554688,90.67604692804484,214.34050173075158,0.001525865152757433,2394.6373593778058,33.100128086317426
marvel_rivals_low,1080p,Ultra_Performance,dlss_mode,1080p_DLAA_vs_Ultra_Performance,545,0.6874067728125721,0.07733035873901854,0.44646868109703064,0.979250967502594,0.6766800284385681,920.3869281593812,570.1610670128628,74.43731689453125,5453.20263671875,786.6314086914062,19.2450188686071,2.7257807766728797,10.764287248400503,29.412896503438954,19.173090778978743,0.2781725342035157,0.08916487053317645,0.011056912131607533,0.5497815012931824,0.27401283383369446,10.461167644032644,4.251879481446515,0.42077216506004333,35.10964584350586,9.863192558288574,96.24703824467848,241.3740040706553,0.045410190107304516,2148.448059007491,31.49191286253165
