game,resolution,mode,comparison_type,comparison_name,frames,ssim,ssim_std,ssim_min,ssim_max,ssim_median,mse_mean,mse_std,mse_min,mse_max,mse_median,psnr,psnr_std,psnr_min,psnr_max,psnr_median,lpips,lpips_std,lpips_min,lpips_max,lpips_median,flip,flip_std,flip_min,flip_max,flip_median,optical_flow_consistency_mean,optical_flow_consistency_std,optical_flow_consistency_min,optical_flow_consistency_max,optical_flow_consistency_median
returnal_epic,1080p,Quality,dlss_mode,1080p_DLAA_vs_Quality,705,0.8159350169465897,0.098937428123198,0.1598059833049774,0.9714118242263794,0.8354166150093079,802.9698817016385,1361.0492271811668,21.22344017028809,14502.2265625,261.20782470703125,23.16342881961256,5.883228593633929,6.516456752141862,34.86264579517521,23.960941784019827,0.2002725591156499,0.0816848979723186,0.0731088444590568,0.8164028525352478,0.1863823235034942,6.511834087777645,6.139342470418605,0.8850112557411194,56.654483795166016,4.385569095611572,44.0153966609514,133.04702530284547,0.0119438198880956,2500.1535651784493,11.284385678541328
returnal_epic,1440p,Ultra_Performance,dlss_mode,1440p_DLAA_vs_Ultra_Performance,704,0.8432419740288011,0.1061831207441688,-0.0327444933354854,0.9751961827278136,0.8677664399147034,690.988628978079,1178.3036477451835,23.658140182495117,14151.4638671875,200.49668884277344,23.86538575378796,5.882946410835825,6.6227899404231625,34.39099760061491,25.10973380312779,0.2116423834072933,0.0803804704288433,0.0592047721147537,0.7353758215904236,0.1986917182803154,5.916937957687134,5.734279395860171,0.8298184871673584,52.67234802246094,3.772169232368469,43.37563310510828,170.41990527798328,0.0010375404071396,3200.2939451833236,10.52366632607746
returnal_epic,1080p,Balanced,dlss_mode,1080p_DLAA_vs_Balanced,705,0.8659900792947052,0.0879663389711942,0.0877644121646881,0.9846994876861572,0.8854860067367554,531.5099712831754,1050.9304581827707,17.35207748413086,15699.74609375,159.1025848388672,25.20074202800815,6.005663758357556,6.171877320876557,35.73728882554758,26.11403125456793,0.1690004722023686,0.0769568231307247,0.0395994074642658,0.8680770397186279,0.1534856706857681,5.14726578411481,5.148584107495402,0.6018878221511841,59.73128890991211,3.3973495960235596,37.99114786962664,82.0746647668067,0.0185394315469267,814.8082885502549,12.541007994468742
returnal_epic,1440p,Balanced,dlss_mode,1440p_DLAA_vs_Balanced,704,0.822387368690794,0.1092263087758868,-0.0127665568143129,0.9759647250175476,0.8414852023124695,769.107340040532,1199.970489664258,18.53385353088379,12860.96484375,261.14697265625,23.26152135629299,5.944482388166056,7.038068098070615,35.45114634306496,23.96200300887245,0.2046610009433193,0.0778717041891568,0.0583861172199249,0.7123312950134277,0.192203126847744,6.285358148711649,5.743329933501645,0.767106831073761,47.932621002197266,4.217999696731567,47.53205951427464,187.96429598889364,0.0090942407201737,3464.9999998832227,12.158432003160629
returnal_epic,1440p,Quality,dlss_mode,1440p_DLAA_vs_Quality,704,0.8479425934651359,0.0847550562898736,0.3419613838195801,0.9774974584579468,0.8607120215892792,610.4759091477503,969.5373764051992,14.428227424621582,10982.1533203125,215.7700653076172,24.25140651002628,5.975666675830733,7.723928583274716,36.53867381610289,24.790892293587515,0.1836327771730297,0.0720891414324707,0.0480689741671085,0.5675908923149109,0.1689513996243477,5.453293416649103,4.855356392867122,0.6776973009109497,42.03397750854492,3.790219902992249,29.434806296531264,56.098654461643136,0.0375137329248786,741.2895511536344,12.11328125987876
returnal_epic,4K,Performance,dlss_mode,4K_DLAA_vs_Performance,705,0.851554998755455,0.086160676769258,0.1968920528888702,0.9754230976104736,0.8687440156936646,679.2066539223313,1221.8113613732614,25.004541397094727,15854.4931640625,228.2865447998047,23.744031813806977,5.710895015055558,6.129279977951958,34.150614672126814,24.5460004592346,0.2108038974463517,0.0804733767188774,0.0671469047665596,0.8606410622596741,0.1911191344261169,5.708147667654862,5.506160571693967,0.7687520384788513,57.050045013427734,3.762216567993164,38.47272017950586,90.0991639390331,0.0004271975526535,1688.295899627472,13.78533931258312
returnal_epic,1080p,Performance,dlss_mode,1080p_DLAA_vs_Performance,705,0.8352725442842389,0.0903232804757238,0.3199140727519989,0.9740560054779052,0.8524360060691833,678.3918108622233,1114.5066349301007,18.5682315826416,11431.2333984375,226.09011840820312,23.880082084349027,5.971340288138888,7.549872687721614,35.443098168735084,24.58798779568866,0.1863266872123201,0.0728654119026638,0.0508085899055004,0.6007521748542786,0.1755066663026809,5.906928482546029,5.379715893463652,0.8093717694282532,43.89914321899414,3.957273483276367,38.7867171923262,110.79858365225611,0.0144538909076175,1696.7084957960797,9.89763645564632
returnal_epic,4K,Balanced,dlss_mode,4K_DLAA_vs_Balanced,705,0.8124938120233252,0.105398006600437,-0.0390041731297969,0.9674370288848876,0.8337990641593933,928.7159108101054,1464.2416209709827,30.01395606994629,12704.5791015625,298.6493225097656,22.212649334329633,5.5527572847777735,7.091200792734753,33.35757118321652,23.379188269869093,0.2494059999255423,0.0779156567533887,0.1143422201275825,0.8684509992599487,0.2431908100843429,6.9521073065750985,6.300883912384176,1.0167250633239746,49.56497573852539,4.5379109382629395,48.7535895940807,152.14318237446366,0.029235878936987,2563.9221173973997,14.092040453942444
returnal_epic,1440p,Performance,dlss_mode,1440p_DLAA_vs_Performance,704,0.8435758069760844,0.1073553936978221,-0.025340873748064,0.9852694272994996,0.8686789870262146,647.3623974756761,1044.237816692653,17.877944946289062,11084.9775390625,196.97262573242188,24.126242654289445,5.994982038942476,7.6834554340577474,35.607627652995475,25.18674513963967,0.1957483621504665,0.0791339482539533,0.0454476028680801,0.6652845144271851,0.1778268739581108,5.7176982299001375,5.377614576340699,0.5979629755020142,43.39117431640625,3.733126997947693,47.21249689462503,188.73584702950043,0.0011367714656245,3561.402343642728,10.315063465204872
returnal_epic,4K,Quality,dlss_mode,4K_DLAA_vs_Quality,705,0.8501619389082523,0.0867251975075472,0.2012427896261215,0.9866258502006532,0.8666648864746094,677.35689755433,1276.304265524052,17.41712188720703,17764.884765625,224.31784057617188,23.913184300204264,5.879372681258544,5.635179661444775,35.72103969769928,24.622165453515255,0.2044952018463865,0.0785543264118597,0.056956335902214,0.7682871222496033,0.1869153827428817,5.6031325031679575,5.512288339129594,0.5498610138893127,57.46797180175781,3.6594319343566895,42.8210010388385,138.4199525190573,0.0538025173802054,2333.8608413768534,13.852508677436674
returnal_epic,4K,Ultra_Performance,dlss_mode,4K_DLAA_vs_Ultra_Performance,705,0.8364644021046816,0.1094621415788738,0.0078089712187647,0.9825310111045836,0.8576794862747192,790.5650554278218,1301.2975045217825,25.299131393432617,13968.978515625,265.3331298828125,23.103819794400877,5.844001660268327,6.679157114643299,34.09974750265804,23.89288880855453,0.2318149404058642,0.0841136979883204,0.0481807105243206,0.7085066437721252,0.2173685580492019,6.319503250612435,6.031455527812507,0.6825799345970154,51.47681427001953,4.166971206665039,48.29736755738429,174.4229617742556,0.0084077729842135,2452.6164541826774,10.424346949604768
returnal_epic,1080p,Ultra_Performance,dlss_mode,1080p_DLAA_vs_Ultra_Performance,705,0.8304114330322184,0.0965282461381683,0.136728823184967,0.9727200865745544,0.8533095717430115,748.350839295624,1336.2843851563446,21.563188552856445,14327.0068359375,229.41339111328125,23.58029691326609,5.88665625704371,6.569248927604368,34.7936738039576,24.52461596313702,0.2056651486466962,0.0827633880144809,0.0632306188344955,0.8120269775390625,0.1957291513681411,6.2357155072773605,6.0624616183043845,0.8763270974159241,55.698516845703125,4.023484230041504,47.651368042285206,166.07838383851575,0.0123062731839382,2995.4521494309483,10.53525167952386
tomb_raider_highest_scene_1,1080p,Quality,dlss_mode,1080p_DLAA_vs_Quality,241,0.8596214268712087,0.021347658498216,0.808646559715271,0.9128286838531494,0.8617044687271118,128.78118943970233,55.48689603869555,49.855224609375,373.34912109375,117.94351959228516,27.37000038985873,1.669638627494901,22.40965227580986,31.1536968367408,27.414062773048663,0.151407675469812,0.0280852561686376,0.0966160520911216,0.2353333532810211,0.1449824869632721,3.148471896579157,0.6232462047699672,1.9171605110168457,5.046562671661377,3.128469944000244,4.773823485331105,5.973176028651386,0.0084991392032236,51.96804809933403,3.037078845522572
tomb_raider_highest_scene_1,1440p,Ultra_Performance,dlss_mode,1440p_DLAA_vs_Ultra_Performance,241,0.9146359703847482,0.0221299169573233,0.8635303378105164,0.9628731608390808,0.9113322496414183,71.47488579017987,37.34233937251235,21.17966651916504,324.0,66.85430145263672,30.05783386621783,2.007183494868225,23.025353506612984,34.8716124315247,29.87951005559426,0.1545326051252017,0.0271294483980241,0.0966487824916839,0.2057487964630127,0.1566601246595382,2.345769537435033,0.5715096402524507,1.166071534156799,4.486738681793213,2.410566568374634,6.142364666197939,7.025660573478627,0.0081329246212931,67.29411316419402,4.687751763978611
tomb_raider_highest_scene_1,1080p,Balanced,dlss_mode,1080p_DLAA_vs_Balanced,241,0.8331942338171836,0.0258003965484281,0.7782348394393921,0.8790873885154724,0.8379058837890625,189.72004655386897,85.35502257462261,86.54232788085938,453.5488586425781,163.97393798828125,25.7371517125504,1.7902454097873084,21.56456282490735,28.758517878672976,25.98305534084341,0.2165157780731367,0.0300871931124368,0.1424596756696701,0.3035555481910705,0.2101133018732071,4.10978701599406,0.8366206158389595,2.777559518814087,6.168497085571289,3.9810986518859863,7.903043723102506,10.138259783523973,0.0258483889137863,68.39512633218388,4.813293452979792
tomb_raider_highest_scene_1,1440p,Balanced,dlss_mode,1440p_DLAA_vs_Balanced,241,0.8610388935848885,0.0210850038256211,0.8197519183158875,0.9122049808502196,0.8639956712722778,134.54024489786616,52.66032685183034,53.10609436035156,377.8547668457031,122.21127319335938,27.12789415136231,1.5410920797344163,22.35755455415806,30.879359980689717,27.259690922784316,0.1702239281532675,0.0295364041940171,0.1105945855379104,0.2541370093822479,0.164185032248497,3.3103902790061666,0.622621667309533,1.9755994081497192,5.098543643951416,3.211113929748535,5.432321873631989,7.634070339936135,0.0415878255074204,73.57714843046452,3.575408937764678
tomb_raider_highest_scene_1,1440p,Quality,dlss_mode,1440p_DLAA_vs_Quality,241,0.8949218998311467,0.0235611878911472,0.8425648808479309,0.9509557485580444,0.8918366432189941,100.00714291774386,54.01708865856169,25.651371002197266,302.1549072265625,86.3053207397461,28.70484428709925,2.245701601223625,23.328507089519395,34.03969778836183,28.77042789988387,0.1474448208121343,0.0291987410178292,0.0905892923474311,0.1989198476076126,0.1520363837480545,2.6455928487896423,0.6509515881403264,1.279056191444397,4.092642784118652,2.6887590885162354,7.669405659383514,9.809508257660523,0.0267486514264305,57.74313355005887,3.973197945339578
tomb_raider_highest_scene_1,4K,Performance,dlss_mode,4K_DLAA_vs_Performance,241,0.8384310815838857,0.0230560056270411,0.7904612421989441,0.876130998134613,0.8450561165809631,269.7892136316576,92.32803488636674,154.06375122070312,520.8295288085938,246.9927215576172,24.05123954163195,1.3888966276977632,20.963847619685197,26.25379892796328,24.203962053164943,0.3128486991670616,0.0336561046196761,0.1848079115152359,0.4090180397033691,0.3093927800655365,5.0760221501109015,0.9088287892717212,3.4464120864868164,7.572038650512695,4.930846691131592,6.045621069383959,6.653912242310463,0.0093689140828701,58.30664064454794,4.346672074328268
tomb_raider_highest_scene_1,1080p,Performance,dlss_mode,1080p_DLAA_vs_Performance,241,0.892989515268951,0.0224074762002712,0.8372557163238525,0.9469782710075378,0.8903558850288391,102.3039238403447,55.42556656839841,26.778282165527344,354.25506591796875,88.54545593261719,28.57733893224649,2.1591707631708243,22.637642914064543,33.85297647413777,28.659140823438157,0.1491329291549461,0.0229957598520667,0.0890900865197181,0.1920314878225326,0.1496922820806503,2.6932873938588187,0.6046235142769584,1.4309096336364746,4.358440399169922,2.695054292678833,6.438511869701411,8.690050867517991,0.0037727455208909,70.21725462608092,3.56893157565353
tomb_raider_highest_scene_1,4K,Balanced,dlss_mode,4K_DLAA_vs_Balanced,241,0.8490016413427487,0.0213263161855337,0.8054657578468323,0.8857077956199646,0.8556926250457764,224.2487300698688,76.61494951553681,127.86502838134766,510.4232482910156,208.0906982421875,24.84173284380026,1.336517723585726,21.051499138566797,27.063285815010833,24.94827693401968,0.2538877858536866,0.0344839783306042,0.1458597183227539,0.3587636351585388,0.2516461610794067,4.311108067817213,0.7673740089707002,2.8988723754882812,6.583615303039551,4.204813480377197,5.696773271969941,6.892732723038874,0.0149917795756948,56.77676393474556,3.6360626727280874
tomb_raider_highest_scene_1,1440p,Performance,dlss_mode,1440p_DLAA_vs_Performance,241,0.8643004144870394,0.0212647287615567,0.8104376792907715,0.9113718271255492,0.869026243686676,132.9616808752796,53.08939387880629,52.01772689819336,388.88433837890625,121.33493041992188,27.191779569523725,1.5771777396024145,22.23259907801657,30.969289906539743,27.29094515444058,0.1701655194657967,0.0257204426518363,0.1160592436790466,0.2640780806541443,0.1661051511764526,3.226076753307675,0.6039970836673813,1.9805808067321775,5.142416477203369,3.150514602661133,4.803497075332393,6.5781132686189405,0.0036087122053629,50.2878036425933,3.108489995016569
tomb_raider_highest_scene_1,4K,Quality,dlss_mode,4K_DLAA_vs_Quality,241,0.8500800837619671,0.0220384596020749,0.8022647500038147,0.8912849426269531,0.8565788865089417,222.9664216734067,75.40131432061895,119.43983459472656,485.8262939453125,207.0402679443359,24.869313335164325,1.355283609517077,21.26599344827921,27.35931167579669,24.970255398300804,0.2473285623605815,0.0318032121704752,0.1526838988065719,0.3457486629486084,0.2443603724241256,4.241091600592205,0.7502095881443538,2.860023260116577,6.493601322174072,4.14347505569458,5.133262937912232,5.995477222578739,0.0077972580688765,47.09495546088871,3.193420427841147
tomb_raider_highest_scene_1,4K,Ultra_Performance,dlss_mode,4K_DLAA_vs_Ultra_Performance,241,0.8582841749013213,0.0203807093086341,0.8054358959197998,0.8951597809791565,0.864121675491333,201.2614412426454,68.86828914574839,109.1269760131836,475.7885437011719,185.27349853515625,25.30740503998512,1.3196994020138628,21.356663802227033,27.751482401098208,25.45267058457043,0.2334687738868705,0.0336639285897994,0.132276713848114,0.3375738263130188,0.2295789420604705,3.9873320729900694,0.738054298969142,2.478332281112671,6.144497871398926,3.856932401657105,5.925080753976581,7.037222518051511,0.0425719695271453,75.09135439071781,4.633590744933926
tomb_raider_highest_scene_1,1080p,Ultra_Performance,dlss_mode,1080p_DLAA_vs_Ultra_Performance,241,0.8502442270393689,0.0233004829415956,0.7952337265014648,0.8953897953033447,0.8531098365783691,156.4159610795777,71.87724865390987,66.53414916992188,438.6276550292969,136.9485626220703,26.579300662035255,1.79256165627652,21.709843508360507,29.900357533182408,26.765228825004876,0.2003170855312426,0.0270955601331082,0.1374421864748001,0.2802623212337494,0.2009974420070648,3.648498708281774,0.7451526460089556,2.37123966217041,5.921472072601318,3.5493454933166504,8.736242134299085,8.679709674062396,0.0209236253919584,64.49005124994164,6.533889774597327
cod_mw2_extreme,1080p,Quality,dlss_mode,1080p_DLAA_vs_Quality,354,0.7327548253203947,0.1312509836158754,0.0029656423721462,0.9992929697036744,0.7205731570720673,728.1812119039439,1322.878435183518,3.5552797317504883,22294.79296875,453.5284576416016,21.564238586609846,4.41114183537188,4.6487691705723035,42.62206583881949,21.56479934643402,0.2462881536091944,0.1219354683003625,0.0002461288240738,0.9786245226860046,0.2340180203318596,9.202924533089424,5.569038720461429,0.0199317000806331,78.3522720336914,7.789807081222534,192.62425483782263,764.4048559330333,2.7400931523757777e-10,11194.22578811645,44.40888977655953
cod_mw2_extreme,1440p,Ultra_Performance,dlss_mode,1440p_DLAA_vs_Ultra_Performance,354,0.7373884423809537,0.1245123148801869,0.3863690793514251,0.9992466568946838,0.7298705577850342,716.257362128651,659.5737669774601,4.381978511810303,6422.29345703125,526.4192199707031,21.362718886443343,4.713811567799501,10.053902147514783,41.714101173157694,20.91748854380451,0.2755304182393576,0.1119202469620984,0.0004668022738769,0.56784588098526,0.2620186656713485,9.518326827077626,4.645424031324161,0.0236417837440967,39.30531311035156,8.746694564819336,143.02432720462278,473.0122956042162,4.442145358041216e-05,7783.070190430387,47.37136840365332
cod_mw2_extreme,1080p,Balanced,dlss_mode,1080p_DLAA_vs_Balanced,354,0.7321275093284894,0.1278016195646865,0.0055090305395424,0.9991406202316284,0.7197337448596954,762.4809025303792,1595.6886078487066,4.304657459259033,27724.6953125,476.91937255859375,21.368897941697465,4.298815036545487,3.702135788087346,41.79141762446962,21.34640052190785,0.2495990285175848,0.1207725698505067,0.0002680769830476,0.9459615349769592,0.2348844334483146,9.452799073641456,6.04853906951644,0.0236408170312643,87.38826751708984,8.229595184326172,198.6347811576832,725.4085309023617,0.0010818813838844,10606.519531232098,40.91537475390818
cod_mw2_extreme,1440p,Balanced,dlss_mode,1440p_DLAA_vs_Balanced,354,0.7118029781498179,0.1371368922235868,0.0014060650719329,0.9992563128471376,0.7058384418487549,900.9631836966606,1358.2007523278558,4.337865352630615,17961.609375,611.7301025390625,20.334587857022544,4.158014535423873,5.5873511364976745,41.75804293484128,20.26520958641641,0.2989258666459578,0.121845495322181,0.0002425704878987,0.8940497636795044,0.2862370908260345,10.748045523887722,6.086155879939691,0.0238035190850496,70.41160583496094,9.569777965545654,193.53000246496384,719.1829806995858,4.442154976835866e-05,9319.789554597322,54.23011780024656
cod_mw2_extreme,1440p,Quality,dlss_mode,1440p_DLAA_vs_Quality,354,0.7286035082918607,0.1315692621636039,0.0577014945447444,0.9992828369140624,0.7252969145774841,852.9496614852194,2076.4830266788063,4.0662312507629395,27816.521484375,533.6120910644531,21.00625786994009,4.276024978729618,3.6877754127210416,42.03888287088659,20.858547595745165,0.2668476866408235,0.1157018178177206,0.0003199856728315,0.8696823716163635,0.2488803118467331,10.065184919468765,7.367228679744951,0.0222994349896907,89.58363342285156,8.620882511138916,200.8281611334237,1008.3398525613636,4.4420105826503686e-05,16303.902347565669,43.43150329735235
cod_mw2_extreme,4K,Performance,dlss_mode,4K_DLAA_vs_Performance,354,0.7275173425000939,0.1348132652487741,0.0422054827213287,0.9882607460021972,0.7182704210281372,1000.0767253724867,1499.3957416210403,171.4589080810547,26148.716796875,723.3456115722656,19.318146135356113,2.8909832115546608,3.95629979393493,25.78920307229456,19.537356266437985,0.3225747184843709,0.1130842946536518,0.0155061744153499,0.8487923741340637,0.3137960731983185,11.61757943354084,5.860788350179084,1.222933650016785,86.13753509521484,10.48476266860962,216.3063079803339,821.863976165484,3.213363858650675e-05,13024.389389032129,57.884460517600175
cod_mw2_extreme,1080p,Performance,dlss_mode,1080p_DLAA_vs_Performance,354,0.7266109899780845,0.1255756019416155,0.3264219462871551,0.9991495609283448,0.7069499790668488,752.6322269197237,831.3883698753133,4.276338577270508,7956.4560546875,517.6893615722656,21.267883498498097,4.50301856495501,9.123606924540018,41.82008277890777,20.99012938857904,0.2600989687381645,0.1199509788187199,0.0002137294213753,0.5741701722145081,0.2463206350803375,9.482006389547749,4.963137124799769,0.0235832892358303,45.32408905029297,8.16893196105957,185.0019028546976,610.5996956664713,0.0009020938095456,9608.953247070334,43.3541641256447
cod_mw2_extreme,4K,Balanced,dlss_mode,4K_DLAA_vs_Balanced,355,0.7196223639266591,0.1376802097466798,0.3318977952003479,0.988390862941742,0.7118677496910095,1046.9549824889275,797.5729609730131,133.06915283203125,5664.3330078125,800.7298583984375,18.941152521622634,2.9811680503949325,10.599315831346283,26.890029688604223,19.09594337661218,0.341267079345777,0.1136765743181366,0.0156545452773571,0.625676691532135,0.3295351862907409,12.254777179637426,4.872197864939471,1.2182753086090088,34.47465133666992,11.51486873626709,202.9408164159528,344.0725821108881,8.571727211048596e-05,2659.6704101450564,74.81127933068353
cod_mw2_extreme,1440p,Performance,dlss_mode,1440p_DLAA_vs_Performance,354,0.7263640465351653,0.130326695439156,0.0555938296020031,0.9992178678512572,0.7274858057498932,785.918008420427,1509.8645198214542,4.378180503845215,26622.6171875,540.3790893554688,20.91795927282219,4.059848162028248,3.8782961347763023,41.71786698152228,20.803818534758285,0.2705571521466564,0.1118100597121986,0.0005806772387586,0.8980277180671692,0.257357656955719,9.883517841471749,5.851123238772034,0.0238029938191175,86.69099426269531,8.835137367248535,172.766037397792,667.8614094278342,4.442144074268128e-05,8751.047607375333,45.53302001542309
cod_mw2_extreme,4K,Quality,dlss_mode,4K_DLAA_vs_Quality,355,0.7861032868774844,0.1188159438997006,0.0699996650218963,0.9902198314666748,0.8011694550514221,632.9907748155191,1026.030574982315,100.02045440673828,15521.7529296875,398.1493835449219,21.75106391196266,3.2775631270126264,6.221395946737502,28.129915375919673,22.130343132236852,0.2184960414668623,0.1125680229689145,0.015555202960968,0.7805560231208801,0.1875264644622802,8.385639266229012,5.445811486933501,1.2223823070526123,66.72307586669922,7.309505939483643,146.91574321669538,581.9506890466045,8.571670007806453e-05,7835.630367284101,29.37927245553101
cod_mw2_extreme,4K,Ultra_Performance,dlss_mode,4K_DLAA_vs_Ultra_Performance,355,0.7134469765592629,0.1454717003670949,0.0254716277122497,0.988263726234436,0.7104367017745972,1235.0599098742848,1507.2849876608118,171.20547485351562,18288.951171875,875.8216552734375,18.3879071857741,2.903294048132311,5.508915604394888,25.79562712322025,18.706646816588833,0.3536816347993805,0.1162250965729448,0.0155988465994596,0.7888740301132202,0.34131520986557,13.48615860939026,6.738276048940426,1.2221357822418213,68.20663452148438,11.992338180541992,229.99113740285657,657.4817459863433,8.571652241329275e-05,8463.501586860417,77.65132140258282
cod_mw2_extreme,1080p,Ultra_Performance,dlss_mode,1080p_DLAA_vs_Ultra_Performance,354,0.7002063855097371,0.1415044425831008,0.015128931030631,0.999273955821991,0.6782906949520111,951.0109287547526,1430.907862727539,3.637615203857422,21993.181640625,617.557373046875,20.194105377890644,4.29359354343909,4.707922998101983,42.52263604480188,20.22403104329866,0.3012074636680858,0.1253152679920984,0.0002086454624077,0.9749844670295716,0.2830249965190887,10.9779647382313,6.126345645519217,0.0212010871618986,77.99395751953125,9.642749309539797,249.59855683523057,829.5084491910608,0.0001161744755919,11197.89429855338,67.83734130626749
blackmyth_medium,1080p,Quality,dlss_mode,1080p_DLAA_vs_Quality,851,0.730424984431575,0.0691736539890382,0.5685006976127625,0.9996150732040404,0.7339382767677307,273.7515593381942,136.25891018024404,3.4785823822021484,849.4263305664062,253.31195068359375,24.417013194569176,2.844167538857917,18.839546417191848,42.71678067789124,24.094246815648916,0.1961240941841173,0.0520882152421621,0.0003065133641939,0.3461202383041382,0.1942329853773117,5.279620627004798,1.5347531844364135,0.0142818819731473,9.512447357177734,5.439702033996582,7.905522749740176,6.530762998507603,3.4432987714438923e-06,39.606414913431024,6.568237391010371
blackmyth_medium,1440p,Ultra_Performance,dlss_mode,1440p_DLAA_vs_Ultra_Performance,848,0.7350734618474852,0.0659189037985398,0.5546497702598572,0.999415159225464,0.7418808341026306,249.5075714908681,116.80514685015234,6.461223602294922,652.0435180664062,237.19842529296875,24.70877747869293,2.4257117991762835,19.988037789007173,40.0276559002392,24.379687791300015,0.2253810556352584,0.0504143834563337,0.0005172778619453,0.3698382973670959,0.220208391547203,5.0721133904913795,1.3890633457544732,0.022291749715805,9.035134315490724,5.017399072647095,30.05091300198299,14.903037133134715,0.0003239902879492,106.73553512461228,29.594070546073738
blackmyth_medium,1080p,Balanced,dlss_mode,1080p_DLAA_vs_Balanced,851,0.7314493916009484,0.0698557277876129,0.5597218871116638,0.9992679357528688,0.7307829260826111,268.7426392256023,135.40102804185298,8.201132774353027,832.4564819335938,250.95599365234375,24.48876188281506,2.6844513334675995,18.927188215725565,38.99206517792293,24.134827883491177,0.196754140183688,0.0548507523360534,0.0006284897099249,0.3545816540718078,0.1905372440814972,5.154626340610791,1.4873743049471333,0.0284473970532417,8.704920768737793,5.167943477630615,10.320230214107644,7.405627557603887,7.054825600150139e-05,37.15115369885581,9.265228290914308
blackmyth_medium,1440p,Balanced,dlss_mode,1440p_DLAA_vs_Balanced,848,0.7225984981599843,0.0720389514033018,0.5342419147491455,0.9994200468063354,0.7251487672328949,274.83287679980384,140.08537855442054,6.14828634262085,847.8624877929688,259.1344299316406,24.37566807969523,2.608150147500165,18.847549397850315,40.243262752795815,23.995554817774902,0.1953758236758283,0.0516836694591685,0.0003863500896841,0.3811565041542053,0.190070703625679,5.164901258118609,1.4844552770402617,0.0216855872422456,8.655106544494629,5.096037864685059,9.898158200101184,6.841184947325302,0.0002912790673423,55.28479005269537,9.04569999633523
blackmyth_medium,1440p,Quality,dlss_mode,1440p_DLAA_vs_Quality,848,0.7111707229940396,0.0650415126120823,0.5263304710388184,0.999440371990204,0.7181521654129028,308.0572794883881,152.2825756297057,6.049243927001953,1062.156005859375,278.58299255371094,23.79972862367499,2.446496515310004,17.868920517420456,40.313792637113536,23.681257628934542,0.2165058736275757,0.0510071296445917,0.0003166066017001,0.3661865592002868,0.2119997665286064,5.647137452490224,1.484133299496886,0.021382762119174,9.52726936340332,5.727075576782227,7.457247730782809,6.837345383558014,0.0002644699597116,49.12774646629316,5.685371445468391
blackmyth_medium,4K,Performance,dlss_mode,4K_DLAA_vs_Performance,846,0.7010440780268211,0.0678051643417638,0.4980004727840423,0.9993592500686646,0.7104491591453552,347.1190945673778,148.66667846020465,7.267320156097412,1080.802734375,325.1062774658203,23.166507339734885,2.165193687983282,17.793339261099764,39.517060677499614,23.01055203277584,0.2369500488660961,0.0532450941054147,0.0004930931609123,0.3874064087867737,0.2353332340717315,5.943649637937792,1.516513906179343,0.0250509455800056,9.745802879333496,6.087843179702759,17.999718078978727,12.796742402241875,0.000608048011772,80.71655270108317,16.065414436073034
blackmyth_medium,1080p,Performance,dlss_mode,1080p_DLAA_vs_Performance,851,0.7289878454948004,0.0664265470392282,0.5604655146598816,0.9992910623550416,0.7296063899993896,290.27533595514353,139.08345665244468,8.083915710449219,927.6537475585938,266.0964050292969,24.07960949080417,2.5459706521330023,18.456944574781968,39.05458584312327,23.880413536088376,0.2270605810028725,0.0550342734178768,0.0006300637614913,0.3858217000961303,0.2239333391189575,5.4940167040499555,1.47209129248544,0.0277216844260692,9.52249526977539,5.535667896270752,15.193178772399122,10.168472586794978,8.342963474117226e-05,57.15447998563525,14.545349130173804
blackmyth_medium,4K,Balanced,dlss_mode,4K_DLAA_vs_Balanced,846,0.6988770505567533,0.0705029941192772,0.4766438007354736,0.999357283115387,0.7093170881271362,354.77973039888604,161.6356557625912,7.199557781219482,1079.1556396484375,338.5019073486328,23.10836124964547,2.2313952412367812,17.799962761794717,39.55774539308072,22.835192438320107,0.2324400466731799,0.0553980079812075,0.0005124713061377,0.4032523334026336,0.2279074043035507,5.9703433553668415,1.561317505767807,0.0249030850827693,10.110133171081545,6.043193578720093,12.745014760158124,11.613474063036788,0.000226002117146,84.96283040817468,9.96928414130737
blackmyth_medium,1440p,Performance,dlss_mode,1440p_DLAA_vs_Performance,848,0.7226491027142642,0.0691512287046528,0.5422319173812866,0.9994292259216307,0.7292367219924927,278.34381203212826,135.23781476270983,5.9933319091796875,937.7308349609376,267.1182098388672,24.26708684598563,2.515312018639401,18.41002163924397,40.35412031388718,23.863769369869605,0.2060859945032925,0.0489585330896277,0.0003823261940851,0.3476684391498565,0.2039557918906211,5.238745075595601,1.4276518633676376,0.021246688440442,8.816892623901367,5.232726573944092,13.646710194173243,8.73047942570309,8.71426168140843e-05,61.48156740445552,12.757644699629893
blackmyth_medium,4K,Quality,dlss_mode,4K_DLAA_vs_Quality,846,0.7168697599964503,0.0676022663156788,0.5210031270980835,0.9993078708648682,0.7240682542324066,306.91753913212045,131.9565540532253,7.96405839920044,898.4054565429688,290.0099182128906,23.71420621297839,2.18475651319253,18.596079798815335,39.11945924887035,23.506676244789837,0.1973400260502061,0.0441738075222284,0.0006049299263395,0.3151462376117706,0.1951164379715919,5.435899708433248,1.4307855216764254,0.027234399691224,8.919585227966309,5.622904062271118,9.670747729891222,12.20207025935652,0.0029943260602998,91.00796635410497,6.179355465418453
blackmyth_medium,4K,Ultra_Performance,dlss_mode,4K_DLAA_vs_Ultra_Performance,846,0.6998379369294954,0.0671832139669358,0.5211277008056641,0.9993375539779664,0.7059716582298279,346.7384459842745,150.99709634620788,7.191120147705078,988.2194213867188,328.2335662841797,23.18312969530119,2.182671759947777,18.18226976080552,39.562838159541954,22.968979966614313,0.2727881849439452,0.0574553625288746,0.000679035030771,0.4491713047027588,0.2728668004274368,6.080695788420067,1.54213470725911,0.0250216890126466,10.179398536682127,6.126927137374878,36.46903882259306,20.230146971090097,0.0063970399266439,127.64978083711026,33.79170243408652
blackmyth_medium,1080p,Ultra_Performance,dlss_mode,1080p_DLAA_vs_Ultra_Performance,851,0.7398296155464495,0.0630569735934757,0.5936169624328613,0.9995211958885192,0.738306999206543,255.6358702611419,122.93181993203056,4.648972988128662,741.5787353515625,237.1133270263672,24.667022604831217,2.6914356295970556,19.429230928758635,41.457233380534504,24.381243965508173,0.2323352141739044,0.0485366692745064,0.0005083104479126,0.3738284409046173,0.2305652797222137,5.183691394102752,1.3566895473881713,0.0184416752308607,8.611616134643555,5.282238960266113,32.1296771353619,15.54234385857576,4.3008898323648737e-05,104.13836693927328,32.472351216787786
watch_dogs_legion_very_high,1080p,Quality,dlss_mode,1080p_DLAA_vs_Quality,525,0.6763789934203738,0.0649814865273822,0.4887259602546692,0.9077013731002808,0.6833167672157288,553.9388167653765,346.8811012797268,7.833034992218018,3504.105224609375,477.6862487792969,21.39242016204242,2.61249202859599,12.685032217676817,39.1915029421382,21.33937621500465,0.194800321431387,0.0578082209964809,0.0962117910385131,0.547514796257019,0.181059792637825,7.785552776086898,2.6641370258287673,0.6001685261726379,25.740610122680664,7.307869911193848,67.04389817815195,151.51805060885897,0.2153930594744224,1252.3966064785586,28.20874025807495
watch_dogs_legion_very_high,1440p,Ultra_Performance,dlss_mode,1440p_DLAA_vs_Ultra_Performance,525,0.6792951425484248,0.0625810934228357,0.274652898311615,0.9617399573326112,0.6763418912887573,551.7669840385801,1090.8355334604662,8.293973922729492,24172.919921875,452.4316101074219,21.728913948628513,2.605893894747091,4.297512475158829,38.94317695312842,21.575274206365016,0.1878537378708521,0.0673349880078405,0.0746209025382995,0.7377497553825378,0.1716820001602172,7.744643345617113,4.053198165375186,0.2600345909595489,78.98872375488281,7.147514343261719,95.47486734912871,710.463931818517,0.0114135562891988,12512.974090582691,19.963256835657603
watch_dogs_legion_very_high,1080p,Balanced,dlss_mode,1080p_DLAA_vs_Balanced,525,0.8113334300972167,0.0626547199271003,0.3722788989543915,0.964571177959442,0.824429452419281,289.3472841122037,538.4085035357389,2.888100862503052,10833.42578125,218.73263549804688,24.8561907395922,3.0431894590638544,7.783145485057359,43.524680046352664,24.73166775089956,0.1350495372357822,0.0437585354647415,0.071262739598751,0.5711241364479065,0.1236487850546836,5.255153407028743,2.973177302666556,0.3451549410820007,50.058876037597656,4.78061580657959,71.05379667142006,241.13108659258967,0.2141418617792965,3929.1263427776394,22.841064519371
watch_dogs_legion_very_high,1440p,Balanced,dlss_mode,1440p_DLAA_vs_Balanced,525,0.6288474744842166,0.053223098948228,0.4123983383178711,0.8984699845314026,0.6307823657989502,717.5578700292679,576.5269203590499,9.156291961669922,10458.6416015625,650.3148193359375,20.210977184920544,2.403187647055656,7.936050800896038,38.51360728534191,19.999567100700816,0.2410400805870692,0.0564464653559296,0.1533349305391311,0.5112656354904175,0.2273785173892974,9.127401481242408,3.261882488128797,0.6082075238227844,48.360130310058594,8.638185501098633,100.47966916520764,535.707914681306,0.0582886265685829,9204.097900419978,26.08789066509314
watch_dogs_legion_very_high,1440p,Quality,dlss_mode,1440p_DLAA_vs_Quality,525,0.7376762995833442,0.0668743213948179,0.4512419998645782,0.9755969643592834,0.7433793544769287,408.4748759224301,742.4228106192895,3.996941566467285,15596.9150390625,328.54425048828125,23.147559068033587,2.8014957923966244,6.2004165443671955,42.113525617562466,22.96486489411568,0.1594740986469246,0.0505823349610153,0.0527320392429828,0.4993784427642822,0.1468179523944854,6.283624222420511,3.3133507291714683,0.2311618477106094,59.00042343139648,5.74833345413208,90.42049845141092,607.8926278780419,0.0406494275091517,10670.44458003754,22.062194865610195
watch_dogs_legion_very_high,4K,Performance,dlss_mode,4K_DLAA_vs_Performance,525,0.6290876572472709,0.0456133666773283,0.4666721224784851,0.9076954126358032,0.6313124895095825,750.7832945651099,365.3895329827667,18.31757926940918,3347.81103515625,699.8234252929688,19.84700511366562,2.1626168711738365,12.883194243020526,35.50212281241417,19.680918852743204,0.2739780842690241,0.0621821385514147,0.1509471982717514,0.5929469466209412,0.2594259679317474,9.583297929479963,2.875227894963724,0.4853390157222748,26.08296585083008,9.115438461303713,83.17233739285875,169.611932304122,0.0121460830325759,1503.092468302002,37.592102188182935
watch_dogs_legion_very_high,1080p,Performance,dlss_mode,1080p_DLAA_vs_Performance,525,0.6234398902030218,0.0554747809945289,0.4872618913650512,0.8579191565513611,0.6234654188156128,704.2267970530193,362.11056469095246,24.643770217895508,3787.73583984375,661.0087890625,20.20618095284034,2.369312851647567,12.347006775743088,34.21373210152693,19.92873126774149,0.240817986073948,0.0639482262089942,0.1458699256181717,0.5646746158599854,0.2303950786590576,9.341831027212598,2.76884626465891,0.9429720640182496,24.485694885253903,8.964275360107422,61.013232000708825,113.62623160016408,0.0848999333636015,1154.9340820278132,30.02752690849354
watch_dogs_legion_very_high,4K,Balanced,dlss_mode,4K_DLAA_vs_Balanced,525,0.7937513106209891,0.0789787287797715,0.4378288090229034,0.942729115486145,0.7992165684700012,324.9550227337792,376.0091870077122,15.025712013244627,5421.41748046875,254.39060974121097,24.151146808155648,2.9590945343734174,10.789675091153066,36.36245300086871,24.07579284602393,0.1506163901516369,0.0538687118685715,0.0726764202117919,0.5247982144355774,0.1418918967247009,5.396288121087211,2.6380422600930897,0.2001895308494568,31.81881332397461,4.848725318908691,60.141240336951824,188.47983802013437,0.1525878359467469,2245.5923461584234,23.71893306409595
watch_dogs_legion_very_high,1440p,Performance,dlss_mode,1440p_DLAA_vs_Performance,525,0.7040391288484846,0.0638023215890498,0.4254236817359924,0.9751402139663696,0.7070343494415283,479.9381640223094,713.546420294158,1.4077337980270386,14779.650390625,389.9144287109375,22.289555022538902,2.7547897981167964,6.434161998279237,46.64559823233798,22.221110543960112,0.1811198650229545,0.0613463378756104,0.0564412027597427,0.4988148212432861,0.1661510318517685,7.1909407478854765,3.358495859116018,0.2197450101375579,57.466678619384766,6.541962623596191,92.50932968702972,614.5509777926372,0.1713867485159426,10828.65966799314,25.30364996127355
watch_dogs_legion_very_high,4K,Quality,dlss_mode,4K_DLAA_vs_Quality,525,0.6564612615676153,0.0486799448342819,0.5169316530227661,0.9150749444961548,0.6581303477287292,595.2755139923096,294.36996137115057,18.70070457458496,2907.854736328125,567.2794799804688,20.866164619853578,2.1852214731552855,13.495076535869863,35.41222391385426,20.59283286614736,0.2290654717598642,0.0586928677030218,0.1115784794092178,0.5178951621055603,0.2183643877506256,8.384255347365425,2.4264068929522713,0.4913373589515686,18.562305450439453,7.985854625701904,55.66849984173674,104.73600255380782,0.3091430183967532,1180.6561893503142,25.81210337933709
watch_dogs_legion_very_high,4K,Ultra_Performance,dlss_mode,4K_DLAA_vs_Ultra_Performance,525,0.6176599697839646,0.0413064366040776,0.4344169795513153,0.8579654693603516,0.6173487305641174,851.5957620457241,568.4602843155072,32.79462432861328,10663.107421875,769.7636108398438,19.345195531560133,2.178995529379315,7.851965764855596,32.972777005633745,19.2672298409764,0.3226119801260176,0.0613586111718257,0.1697074770927429,0.6694715619087219,0.3169820010662079,10.372803668408167,3.154765392978723,0.9657971262931824,45.36481475830078,10.013250350952148,86.12669146605249,288.178348150356,0.0698928943216401,4764.476867535515,40.4375002388731
watch_dogs_legion_very_high,1080p,Ultra_Performance,dlss_mode,1080p_DLAA_vs_Ultra_Performance,525,0.7558031805356343,0.0659288333821695,0.5198020935058594,0.9187801480293274,0.7707104682922363,349.3849560310727,301.29054076521203,7.877993583679199,3333.254638671875,289.51531982421875,23.551292223933302,2.6423632339243857,12.902118687057712,39.16664738110686,23.514088113222883,0.1448936151322864,0.040900571938418,0.0899862498044967,0.453076034784317,0.133693128824234,6.178653533799308,2.4567581728731147,0.6147977113723755,24.681856155395508,5.725473880767822,74.75751896040093,195.15447674300395,0.1361694543249996,1679.2514648457873,22.064514178683908
forza_extreme,1080p,Quality,dlss_mode,1080p_DLAA_vs_Quality,541,0.7903186270137371,0.0843839296261115,0.5845914483070374,0.9632194638252258,0.7936599254608154,504.9557491767869,453.9548285820352,18.841707229614254,3034.4453125,343.65814208984375,22.705915728634764,3.893168321517405,13.310010459300374,35.379601096080165,22.76953723017707,0.1752669191032703,0.0783206600473346,0.0483246631920337,0.3805681467056274,0.1616786569356918,6.399216563556199,3.1627505206410245,1.705885648727417,20.195358276367188,5.567376613616943,33.08560430235377,49.4004622686055,0.0100097686769231,794.3964843900792,19.808837888137532
forza_extreme,1440p,Ultra_Performance,dlss_mode,1440p_DLAA_vs_Ultra_Performance,541,0.6423691538147036,0.0734335466398274,0.4652602970600128,0.8494673371315002,0.6372390985488892,2005.6873182765655,945.6061910371624,179.02345275878906,6260.0888671875,1926.740966796875,15.68590221463883,2.472174119722515,10.16499862440993,25.601704319185483,15.282570293222124,0.4217482998333665,0.0830796333402319,0.1115946173667907,0.6628358960151672,0.4370636343955993,15.525491190044804,4.776505031697455,4.031764984130859,39.96689224243164,15.638556480407717,177.1822995649582,215.34715128118947,0.2970581193617363,1912.5197143353605,110.03594972951612
forza_extreme,1080p,Balanced,dlss_mode,1080p_DLAA_vs_Balanced,542,0.7899737769387305,0.0714877181940367,0.5882545709609985,0.9645277261734008,0.7934847176074982,493.0603655255589,403.115177624157,19.07331085205078,4189.458984375,426.6847686767578,22.503902869395937,3.6402195821032706,11.909224179185529,35.32654274011166,21.82984515717847,0.1742389516636894,0.0595365180433046,0.0513809770345687,0.4008085131645202,0.1756203323602676,6.319565291334342,2.679158519081821,1.663228988647461,26.738357543945312,5.908527851104736,35.881795367157956,57.596006419891225,0.103576647848854,607.7365722642451,23.611541763408695
forza_extreme,1440p,Balanced,dlss_mode,1440p_DLAA_vs_Balanced,541,0.6680951632435352,0.0868674988012675,0.4964054524898529,0.9476118683815002,0.6622714996337891,1539.7008802375158,846.9717628700168,54.155418395996094,5477.197265625,1453.3836669921875,17.03772649243961,2.8605019667829006,10.74521978195538,30.794384453958237,16.507000855494216,0.3553050789782388,0.0972065013675948,0.0617469400167465,0.610030472278595,0.3706808090209961,12.88813898655932,4.7586276350188,2.2376585006713867,34.04636764526367,12.83178424835205,111.83217053436204,138.97166269299265,0.0839843896128513,1209.9340209902289,67.08416746354305
forza_extreme,1440p,Quality,dlss_mode,1440p_DLAA_vs_Quality,541,0.6789583828224492,0.0857626477145305,0.5187631249427795,0.9569442868232728,0.6690426468849182,1378.9931553824772,764.7943469151076,23.964771270751953,5292.88525390625,1269.9295654296875,17.58057791550979,3.088511237163345,10.893878819787606,34.33507072598494,17.09300726678489,0.3342699671091853,0.0923804050327668,0.0500220246613025,0.5317366123199463,0.3522543907165527,11.999916671164154,4.401520882585605,1.7919367551803589,32.69615173339844,11.86089324951172,94.54949753125928,114.10573605941856,0.2397766011106341,811.8916015591135,57.47985841210209
forza_extreme,4K,Performance,dlss_mode,4K_DLAA_vs_Performance,542,0.7337790943159829,0.0615689328817154,0.5812549591064453,0.9532406330108644,0.7293331027030945,859.3385695003495,494.32157669815217,37.17103958129883,4503.4521484375,784.1959228515625,19.490516668167267,2.602015148795851,11.595348083723358,32.428756534684965,19.186569905312368,0.2780526883185349,0.0648198414365674,0.064050868153572,0.4315542876720428,0.2820743322372436,8.81870152281659,2.9437358930345043,1.81977641582489,25.26214027404785,8.471528053283691,49.811590896031085,61.54953661391715,0.1378783751216588,622.7167968296772,34.416626053026334
forza_extreme,1080p,Performance,dlss_mode,1080p_DLAA_vs_Performance,542,0.6955676151377689,0.0640437499363401,0.5373855829238892,0.8536900281906128,0.6926039755344391,1088.6204513043056,586.7466370320041,140.64401245117188,5178.94677734375,979.4173278808594,18.30628337561418,2.195110023223896,10.988389129557683,26.64959112918181,18.22112579129888,0.2932938947256421,0.0570232346658596,0.1007183119654655,0.4803059697151184,0.295794129371643,10.523538241527175,3.3431664494336086,3.636969804763794,30.302425384521484,10.049267292022703,78.28651157862012,104.76899190278158,0.3050537035915113,1117.533203098324,50.93319702726916
forza_extreme,4K,Balanced,dlss_mode,4K_DLAA_vs_Balanced,541,0.7928652186049991,0.0631228864226444,0.6083425879478455,0.9590142369270324,0.7921639084815979,446.5115759456445,283.8228760773787,21.40733528137207,3018.09130859375,397.0636291503906,22.51413505076335,2.9622280852468417,13.333479861909115,34.825177498378245,22.142202531611236,0.1947945878873691,0.058830501303003,0.0470982156693935,0.3284324407577514,0.1966236680746078,5.952413153956866,2.0646952285616784,1.6088173389434814,18.68506622314453,5.773827075958252,27.96700158179584,31.92039080012293,0.0323487864573053,295.1215823068824,20.779907259505876
forza_extreme,1440p,Performance,dlss_mode,1440p_DLAA_vs_Performance,541,0.6549861254291041,0.0867767341081894,0.4685019850730896,0.9410670399665833,0.647052526473999,1770.876244931036,942.393654033395,25.233551025390625,5898.84912109375,1720.436279296875,16.488243122976,3.132834903061627,10.423130728042745,34.111019893747624,15.7744176880618,0.3826994328258659,0.1011616249894167,0.0585644170641899,0.646824300289154,0.4035356044769287,14.10531491030166,5.105946829496126,1.705649495124817,37.88610076904297,14.302395820617676,139.14919155329926,171.2183841872792,0.0731811439590615,1398.3038329913363,85.01721190755882
forza_extreme,4K,Quality,dlss_mode,4K_DLAA_vs_Quality,541,0.7505894075259704,0.0823555072561096,0.5676531195640564,0.9518782496452332,0.7530393600463867,730.4964864099753,529.3397867434268,45.80368423461914,3491.2412109375,566.9466552734375,20.631967830388977,3.2998206599461986,12.701005054767576,31.521799488375475,20.59538163368781,0.2488830156224933,0.0857572531857757,0.0593597218394279,0.4264243543148041,0.2478914260864257,7.982177606792415,3.5448417488377566,1.7122526168823242,22.909868240356445,7.405232429504395,44.53119922130557,74.20962803320344,0.0592040725747438,715.7265626539217,23.356994629289147
forza_extreme,4K,Ultra_Performance,dlss_mode,4K_DLAA_vs_Ultra_Performance,542,0.7018602786248901,0.0735826548395187,0.5581942796707153,0.9464876651763916,0.693095862865448,1285.371559509052,705.4793055753925,43.525596618652344,4798.54541015625,1188.67041015625,17.80162596435339,2.85411670066606,11.319707518423314,31.743356280305765,17.38019951036334,0.3561669167859748,0.0841241604892039,0.0762076377868652,0.5266861319541931,0.3725578486919403,11.467715756919551,4.096585796540482,1.980926752090454,30.605480194091797,11.37552261352539,87.63755386326119,97.17182424746426,0.0271607048043733,838.9448243057136,59.04782119619529
forza_extreme,1080p,Ultra_Performance,dlss_mode,1080p_DLAA_vs_Ultra_Performance,541,0.781566408667679,0.0827572990386401,0.5884642004966736,0.95435631275177,0.7901089787483215,582.7613636270689,485.3309597251581,31.599950790405273,3419.0078125,444.76025390625,21.920620524824542,3.736888631769235,12.791802676987611,33.13393954561914,21.64954391377675,0.2183094466459729,0.0790639777491459,0.0768807008862495,0.4088754653930664,0.204428493976593,7.04394162560567,3.35292788532309,1.8617513179779053,21.978586196899418,6.304825782775879,53.264670316949825,56.0606216209764,0.1212463208571534,790.9112549096307,41.34118648852996
forza_motorsport_ultra,1080p,Quality,dlss_mode,1080p_DLAA_vs_Quality,179,0.8430005778147521,0.0332491139841552,0.7293015718460083,0.948525369167328,0.8475960493087769,416.78854620523293,256.16664498308455,14.52338981628418,1776.9945068359375,367.1859130859375,22.61413768721689,2.5033775374123755,15.633942755806324,36.51012366632803,22.481943495217052,0.2291977241552076,0.0346374497686023,0.0724459439516067,0.3782748281955719,0.2303903698921203,5.6560544901054,1.748469191857014,1.3788437843322754,15.095632553100586,5.306367874145508,35.35243712093094,48.373066611175155,0.1869964595859983,268.4844970712451,17.025772092370858
forza_motorsport_ultra,1440p,Ultra_Performance,dlss_mode,1440p_DLAA_vs_Ultra_Performance,179,0.8799466074511991,0.028013691854938,0.7732250094413757,0.9419456720352172,0.8823464512825012,243.5612209202857,130.71233948581525,8.238207817077637,843.206787109375,203.91986083984375,24.86414349481964,2.389689578207029,18.871462672780364,38.97247617594236,25.036208347803193,0.2119616074227421,0.0279182589312645,0.0482264421880245,0.2974297404289245,0.2083993852138519,4.438481135408305,1.029159058827831,0.8930793404579163,7.538801193237305,4.235114574432373,27.60616917351142,27.1988851384826,0.8735656915945924,136.95060732944353,17.87594602922752
forza_motorsport_ultra,1080p,Balanced,dlss_mode,1080p_DLAA_vs_Balanced,179,0.8847350787850066,0.0263398248784316,0.817740261554718,0.9393827319145204,0.8854475021362305,248.7099661827087,162.79134493302024,6.238098621368408,1154.0792236328125,195.35243225097656,24.940185566526345,2.6401222080640108,17.50844738178528,40.180281244035776,25.222615380554977,0.1829804352708369,0.0239676172174104,0.0532348603010177,0.2377853393554687,0.1858160197734832,4.21142808119012,1.0863452551173254,0.791146457195282,8.666239738464355,3.938687801361084,36.28293650523126,52.25961664786029,0.1322631763302695,304.8826599198512,15.884338386422344
forza_motorsport_ultra,1440p,Balanced,dlss_mode,1440p_DLAA_vs_Balanced,179,0.8232396338239062,0.0347119925646924,0.6976702213287354,0.9220912456512452,0.8277343511581421,499.8747989505363,282.08504476947286,23.29680633544922,2676.56640625,449.3440246582031,21.66886807564754,2.184633222654381,13.85502338065264,34.45783971427968,21.605013900170032,0.2583175267420667,0.0368932399629831,0.1438263654708862,0.4543865323066711,0.256733775138855,6.551706927448677,1.948708180028941,1.4541774988174438,20.658662796020508,6.165809631347656,53.41600907374107,85.98951228124287,0.4022521844753157,631.0607299669986,25.119567877239433
forza_motorsport_ultra,1440p,Quality,dlss_mode,1440p_DLAA_vs_Quality,179,0.8821488575562418,0.0295197638432613,0.7887629866600037,0.9852993488311768,0.8824409246444702,270.8233904359061,166.36117865847734,2.7528929710388184,776.8786010742188,211.50157165527344,24.661133266789413,2.959045837215899,19.227272017873712,43.73291033960892,24.877667619290634,0.1802261776535371,0.0250387199624199,0.0285479146987199,0.2450679689645767,0.1775680035352707,4.233734481078287,1.192917774131761,0.247253879904747,7.748552322387695,3.839480400085449,29.557733159089196,36.74764255549045,0.1140441798991673,281.37692262780683,17.690139762885707
forza_motorsport_ultra,4K,Performance,dlss_mode,4K_DLAA_vs_Performance,179,0.8320397138595581,0.0320339573434919,0.7332910299301147,0.916067123413086,0.83193039894104,437.5844931202894,244.3483948067461,13.888672828674316,2440.965576171875,386.5314331054687,22.235435217472837,2.1956445654216634,14.255187060652313,36.70419613382373,22.258955439352384,0.2478987788521377,0.0365966694049086,0.0618047267198562,0.4055429697036743,0.2433349341154098,5.955552341551754,1.6378677263704895,1.2903214693069458,18.22014617919922,5.727543354034424,43.959636190645575,73.15673662902188,0.0497435999868685,619.6777954072264,21.58724973857477
forza_motorsport_ultra,1080p,Performance,dlss_mode,1080p_DLAA_vs_Performance,179,0.8532984446546885,0.0341359930003114,0.7460817098617554,0.9852424263954164,0.8564517498016357,354.6873952210282,224.79414230614552,1.973935604095459,1605.0946044921875,304.17645263671875,23.407337736091613,2.8841137910083505,16.075797259973726,45.17747380336814,23.29954770104778,0.2250405426381686,0.0323391353856049,0.0390211418271064,0.3487648367881775,0.224555417895317,5.2646440958510565,1.5040619537214592,0.3050254285335541,13.612075805664062,5.0415778160095215,44.50465192437608,63.10695975523117,0.1293945199203108,310.9865722644399,19.118377692380705
forza_motorsport_ultra,4K,Balanced,dlss_mode,4K_DLAA_vs_Balanced,179,0.8455275363762286,0.0330223568678901,0.7562434673309326,0.9594112634658812,0.8475504517555237,347.49346703124445,197.62043676853887,3.2842767238616943,1756.0775146484375,307.56597900390625,23.387568589937352,2.706502754312849,15.685366787732878,42.96640618454915,23.25142065980415,0.2216887293206579,0.035812659721374,0.0420827083289623,0.3612901568412781,0.2223911583423614,5.19538406353423,1.423657804888419,0.5071327686309814,14.072754859924316,4.978243827819824,36.4508911798941,59.056852453622106,0.7662505776687851,431.4998779322582,14.72654722912145
forza_motorsport_ultra,1440p,Performance,dlss_mode,1440p_DLAA_vs_Performance,179,0.8850754109840819,0.0279760352746232,0.7970878481864929,0.9850911498069764,0.8864057660102844,243.5536310472968,131.1303389602055,3.0738534927368164,678.0718383789062,202.1809539794922,24.925575401826283,2.6272788862865024,19.818046531973092,43.253971967322414,25.073401194606024,0.1883586328996959,0.0241807002820406,0.0346278436481952,0.2369213104248047,0.1888482421636581,4.048754113346504,0.9894182434701,0.2709516286849975,7.120701313018799,3.793599843978882,28.92618942019993,34.55021538546871,0.6712341431554592,191.49490356553963,16.78376768478364
forza_motorsport_ultra,4K,Quality,dlss_mode,4K_DLAA_vs_Quality,179,0.8445968438127187,0.0337344012161984,0.7504107356071472,0.9842091798782348,0.8437049388885498,371.2465263372027,214.67764124654155,1.8829140663146973,1555.2135009765625,316.4836120605469,23.119988189723543,2.778833907063557,16.212903431119898,45.38249861019569,23.127291342742204,0.2197144443595875,0.0365383062998189,0.0277047902345657,0.3913710415363312,0.2175366729497909,5.233678864200688,1.508574745996273,0.2593731582164764,12.57476806640625,4.884949684143066,39.236313555560386,51.16591237977711,0.0923156706999179,322.6442871538027,21.276794469244063
forza_motorsport_ultra,4K,Ultra_Performance,dlss_mode,4K_DLAA_vs_Ultra_Performance,179,0.8212222483571016,0.0488619609258907,0.3172199130058288,0.8954331278800964,0.8251646757125854,477.0067980888835,226.37730860785095,32.177032470703125,2127.83203125,433.0107116699219,21.758264661736433,1.9340153428726956,14.851430186266644,33.055343721001044,21.76581720954271,0.2804415530665626,0.0378036173542577,0.1398084461688995,0.4465457499027252,0.2787597775459289,6.5242314811525395,1.6435894153583892,1.7908824682235718,17.35430908203125,6.319666862487793,41.7335072016378,44.940015334456874,0.049591003343437,285.67138660890237,30.55241391164907
forza_motorsport_ultra,1080p,Ultra_Performance,dlss_mode,1080p_DLAA_vs_Ultra_Performance,179,0.8792822863802564,0.0269171169062922,0.8063874244689941,0.9823479652404784,0.8818352818489075,255.95685661305265,154.86698428381013,2.099729061126709,924.6233520507812,189.3151397705078,24.782498800881125,2.7419803270488763,18.47115503197032,44.90917101776317,25.35895014437809,0.2140430795164081,0.025361006573595,0.041237436234951,0.2806234359741211,0.214278370141983,4.5670879406635985,1.133679315184415,0.3311548233032226,8.160931587219238,4.288474082946777,37.34951597224062,52.494886067471455,0.1589355342796352,346.6651306333189,18.85833741068302
rdr2_ultra,1080p,Quality,dlss_mode,1080p_DLAA_vs_Quality,790,0.4766908912907673,0.1577300663473255,0.1543398201465606,0.9848254323005676,0.4532281756401062,1746.3906188729443,1211.7959358757234,0.8309826850891113,10762.4560546875,1518.123046875,17.05306928620278,4.2888771913512,7.811689697159031,48.93488386239752,16.31773515904225,0.4729689437837068,0.1534222295867185,0.0138028478249907,0.8305572867393494,0.5058946311473846,16.951244189184678,7.529427070914189,0.1756326705217361,52.60146713256836,16.193466186523438,168.22248771162083,242.5232690214672,0.0219993592010325,2170.7128220280233,67.071960449539
rdr2_ultra,1440p,Ultra_Performance,dlss_mode,1440p_DLAA_vs_Ultra_Performance,793,0.5065262032740879,0.153840788285478,0.0565227828919887,0.9751651883125304,0.4853772521018982,1688.8904511232545,1056.2366901435216,1.6029080152511597,7475.65234375,1515.037353515625,17.082710433195256,3.9248129354518566,9.394312646166687,46.08171760294841,16.326570202898303,0.4748399813259009,0.1497396466884208,0.0244971178472042,0.7387840747833252,0.4890525937080383,16.527536797963204,7.503659436518536,0.2383389621973037,45.60367202758789,16.005952835083008,158.22082307470373,208.5902018903097,0.1055793579211936,1141.7689209570965,81.59533692472974
rdr2_ultra,1080p,Balanced,dlss_mode,1080p_DLAA_vs_Balanced,787,0.4736988021882092,0.162730718517253,0.2401724159717559,0.9705985188484192,0.4373876452445984,1824.068654306659,1033.0269169730325,1.650665521621704,4879.58984375,1753.59375,16.90927425491684,4.543667589979421,11.246970421607376,45.95421280839777,15.691513719339302,0.4886984311238291,0.160803277203862,0.0270128604024648,0.7136614918708801,0.535789966583252,17.639423697505247,7.4104878045533455,0.2400784194469452,38.07502365112305,18.70100212097168,173.67417772611725,212.65684136176364,0.0398254414713079,1299.1813049244206,97.94018557198768
rdr2_ultra,1440p,Balanced,dlss_mode,1440p_DLAA_vs_Balanced,790,0.4798572361846513,0.1493774862120187,0.2312624752521515,0.9716665744781494,0.4591608345508575,1874.4815080217168,1072.2345284421694,1.6460177898406982,5892.83984375,1827.21923828125,16.664134227856778,4.164258862676415,10.427557229156076,45.96645836195853,15.512897164460131,0.4966561439458893,0.1573627504970161,0.0234354715794324,0.7350215315818787,0.537479430437088,17.775518148684803,7.48596317874454,0.2612663507461548,41.702178955078125,18.078733444213867,164.36794173956585,209.19039331938703,0.1945342911643308,1124.627563563582,88.26245112875634
rdr2_ultra,1440p,Quality,dlss_mode,1440p_DLAA_vs_Quality,788,0.4976862004300967,0.1744200205507204,0.1715131402015686,0.988343060016632,0.4660822302103042,1767.6429671569524,1129.7616729409976,0.6960206031799316,6442.52685546875,1635.7128295898438,17.321452622874837,4.962866646249518,10.040241232984288,49.70458265345109,15.99373410044845,0.4649603719631597,0.1772689213443305,0.0131079936400055,0.7271343469619751,0.4986953139305115,16.834197004774804,8.106459913308772,0.1214364469051361,43.329402923583984,16.1403751373291,152.99253842899893,214.042968074711,0.0844116560108432,1325.1184387650233,69.89279176683317
rdr2_ultra,4K,Performance,dlss_mode,4K_DLAA_vs_Performance,807,0.4371144872117219,0.1180069457641582,0.0554843470454216,0.9653334617614746,0.4227195084095001,2723.614171673374,1424.6072373950149,2.1452436447143555,12856.1884765625,2693.936279296875,14.627471161801694,3.4868737941548056,7.039681301453655,44.816037368199375,13.826930418926118,0.5945408047699684,0.1268537254974618,0.0282173920422792,0.886634349822998,0.6273736953735352,22.45580507296021,7.320362689078073,0.3133238852024078,57.67658233642578,23.768566131591797,251.5992747976375,259.6801587917601,0.0672606254177026,2355.119964836849,171.5118405347016
rdr2_ultra,1080p,Performance,dlss_mode,1080p_DLAA_vs_Performance,791,0.4952705368945933,0.17584828172316,0.2489063590764999,0.9842495322227478,0.452351301908493,1647.3733579034902,1047.2312838009343,1.0128310918807983,5338.92822265625,1588.1715087890625,17.712991266433534,5.172376355198193,10.856262786902525,48.07543336021445,16.12182960195814,0.4508858408906065,0.1749131755530983,0.0182753168046474,0.7158089876174927,0.5115838050842285,16.37102869501533,7.604819378627489,0.1579570025205612,39.93409729003906,17.228538513183594,152.6276953362466,199.0366429412376,0.0517578341828084,1475.1710816344614,82.2683715638093
rdr2_ultra,4K,Balanced,dlss_mode,4K_DLAA_vs_Balanced,807,0.3709427799286304,0.073951127903139,0.070461593568325,0.6269928216934204,0.3678023517131805,3374.264203966181,1373.6850322860505,132.19029235839844,11634.7333984375,3249.33837890625,13.170196176588462,1.7384377687983512,7.47323924677392,26.918807977756263,13.012854207018536,0.6680111572737292,0.0527411157769691,0.0911315158009529,0.8971319198608398,0.6747144460678101,26.023636020396868,5.6772231087118685,1.3328698873519895,52.44040298461914,26.73776626586914,377.3288457118215,330.8689859114656,0.3665775828601454,2373.629806670408,296.0331422017626
rdr2_ultra,1440p,Performance,dlss_mode,1440p_DLAA_vs_Performance,803,0.5512654147810241,0.1384873240613668,0.272396057844162,0.984177589416504,0.523070216178894,1069.9106468439547,697.9548834082027,0.991683304309845,5596.2265625,1005.4979858398438,19.130653986618245,4.11568234000494,10.651850723369376,48.16707359227867,18.10699155889916,0.3611930285164086,0.1302240589217424,0.0164507888257503,0.7013391852378845,0.3890082836151123,12.18356364059864,5.061420363311979,0.1635443568229675,32.89286804199219,12.688271522521973,63.33417261921976,90.79827594789846,0.1518287707723757,916.645385796663,35.313598598627664
rdr2_ultra,4K,Quality,dlss_mode,4K_DLAA_vs_Quality,795,0.4470574933965251,0.1192014138656783,0.151384025812149,0.9659157991409302,0.4347229897975921,2481.1139361309556,1266.6120395828657,2.3599371910095215,12733.76171875,2390.869384765625,14.99741593597262,3.41972737355279,7.081236420245728,44.40179916355841,14.34524509982162,0.5786288767725042,0.124004772096731,0.0302979052066802,0.9057697653770448,0.601641833782196,21.121373263170135,6.9010813718619355,0.3202390670776367,57.53046417236328,22.255556106567383,232.79794047830285,244.5402258241796,0.2790451059055954,2260.7410280659137,158.0549928024717
rdr2_ultra,4K,Ultra_Performance,dlss_mode,4K_DLAA_vs_Ultra_Performance,795,0.5000279020400917,0.1367223049228709,0.1628248244524002,0.9614676237106324,0.4871207177639007,2018.64363972406,1059.0754557726211,64.90638732910156,6533.22021484375,1887.2620849609375,15.956621672758,3.236198609542231,9.97953063694534,30.007929237703618,15.37248145838804,0.5290244496468478,0.1353553794883283,0.0518949627876281,0.7410603165626526,0.5563782453536987,18.529787221569684,7.120780182015345,0.7874245047569275,43.455936431884766,18.70956039428711,193.0713205666206,215.9875130611901,0.0720290899571978,1324.2937012608409,122.20721445208687
rdr2_ultra,1080p,Ultra_Performance,dlss_mode,1080p_DLAA_vs_Ultra_Performance,800,0.4959286618605256,0.1439916212522214,0.2116352021694183,0.952784299850464,0.4646170884370804,1648.7139375174045,1083.4231784096137,14.738852500915527,10121.033203125,1562.6322021484375,17.21146095861028,4.045956607544105,8.078555112582363,36.44616688194239,16.192236481165338,0.480802040323615,0.1429291792623815,0.0688806772232055,0.808688223361969,0.5135835409164429,16.497515645325183,6.611568138110901,0.9306349754333496,49.548587799072266,17.29778289794922,169.1414298838331,198.4374208578149,0.475967411409016,2019.2564240083063,104.04962155038686
cyberpunk,1080p,Quality,dlss_mode,1080p_DLAA_vs_Quality,392,0.7954429462552071,0.0759032548102117,0.6112331748008728,0.9171746373176576,0.819861888885498,344.9964425417842,227.1036612116903,93.25082397460938,2734.8095703125,282.4117889404297,23.38824950510762,2.250610594042456,13.76153269848102,28.43427682896085,23.621975415522495,0.3285406219715975,0.0697855416496605,0.1376967132091522,0.5425286293029785,0.3225975483655929,6.670781817971443,1.917620817482368,3.6080806255340576,20.060081481933594,6.269479036331177,21.12916954331457,45.68657000845766,0.0177993771256552,685.874511724864,11.313304901051517
cyberpunk,1440p,Ultra_Performance,dlss_mode,1440p_DLAA_vs_Ultra_Performance,398,0.587935933450134,0.1128444760858165,0.0545600578188896,0.7526648044586182,0.6003811359405518,3528.6552700636976,1995.7416024483728,945.71728515625,8823.04296875,2962.763671875,13.39458509582961,2.596976097045991,8.674619665957769,18.373190340295977,13.413856498653097,0.6144047480581993,0.0673129058440233,0.4636309146881103,0.7698178291320801,0.6185533404350281,24.749155518996655,8.317450445291328,11.277287483215332,51.318267822265625,24.405234336853027,284.12204767876426,363.4180985843869,0.101440304877542,2775.1923218816037,188.05156712196015
cyberpunk,1080p,Balanced,dlss_mode,1080p_DLAA_vs_Balanced,393,0.8353799138663682,0.0652726370025473,0.6558348536491394,0.9336456060409546,0.8490146398544312,195.56913754412236,108.0428014644888,59.45930099487305,854.0440063476562,170.49468994140625,25.76192761841182,2.126038999155846,18.81600111699324,30.388605615464833,25.813695034341603,0.2038958378079283,0.0461741047068842,0.1097326800227165,0.3762282729148865,0.1953078806400299,4.813198671389475,1.25087891824901,2.268864870071411,12.722386360168455,4.591086387634277,14.342460291861649,27.211629188282217,0.0462875363356403,304.2279357882989,7.495231630188968
cyberpunk,1440p,Balanced,dlss_mode,1440p_DLAA_vs_Balanced,398,0.5836015841338652,0.10945982741971,0.0545465499162673,0.7469324469566345,0.5967214703559875,3510.3338932823294,1986.398893791769,889.7329711914062,9443.3046875,2899.3787841796875,13.409395121480353,2.5806932822427773,8.379563584776067,18.63820676176716,13.5077952377471,0.6149351508473632,0.0649779682067337,0.4722821414470672,0.7850882411003113,0.6165644526481628,24.62829305179155,8.167585564492283,10.968891143798828,46.518795013427734,24.31828498840332,268.47198200972826,370.15250959968586,0.831893921065614,3258.999939041222,173.82533263991846
cyberpunk,1440p,Quality,dlss_mode,1440p_DLAA_vs_Quality,398,0.5374699363382018,0.1385075440392364,0.0585395395755767,0.7457020282745361,0.5648921132087708,3733.0019897767647,1905.842571009375,568.5430297851562,11270.63671875,3174.123779296875,12.970406958882425,2.251466552662629,7.611319092735695,20.583170213233934,13.114615860266664,0.6562907677799014,0.0672922752474883,0.5082752704620361,0.9011244773864746,0.6569085121154785,26.21366506844909,7.300094324653317,11.640442848205566,47.341400146484375,24.350274085998535,387.2788535903244,449.1950251249427,2.68371594236703,4103.094238364315,262.07445771839866
cyberpunk,4K,Performance,dlss_mode,4K_DLAA_vs_Performance,399,0.5431151759617012,0.1596292872312771,0.0463507175445556,0.7510615587234497,0.5939841866493225,4228.382116791001,2976.671353798822,749.477783203125,13946.53125,2985.787109375,12.800684854235506,2.806158861619316,6.6861415657801615,19.383215972997487,13.380215221539776,0.658804516445724,0.0858121992056172,0.4728225469589233,0.9186076521873474,0.6424016356468201,27.759658094038045,11.392455428772926,13.161532402038574,61.20359420776367,23.487268447875977,486.39134090039425,786.3638429899463,2.289306547915203,8196.34786980726,320.1488039234107
cyberpunk,1080p,Performance,dlss_mode,1080p_DLAA_vs_Performance,392,0.9131801841514452,0.0436333464590112,0.7413281202316284,0.9727164506912231,0.9239994585514067,90.73913162095208,66.93099514610206,15.954755783081056,569.777587890625,69.67341613769531,29.387773452843337,2.5920000975412436,20.57374998531772,36.1019019996433,29.700141378573896,0.1260091564998182,0.0314010713778669,0.0613556317985057,0.2724678814411163,0.1223660744726657,3.1707532500125923,1.045753535695821,1.2108564376831057,12.09294319152832,2.932944655418396,12.403411857049637,20.252124262987497,0.027740480789248,297.68853759867284,7.391128543469577
cyberpunk,4K,Balanced,dlss_mode,4K_DLAA_vs_Balanced,397,0.7543819333504069,0.0813408385663083,0.450345367193222,0.9002201557159424,0.7744935154914856,982.4024744298056,692.4924800376616,131.1319580078125,6017.697265625,821.0543823242188,19.10935849456082,2.826554375063635,10.336500251168214,26.95371814905755,18.987084374133417,0.3514985425271075,0.082199923960627,0.1032827943563461,0.6365970969200134,0.3448408246040344,10.2635327904891,3.766565436753533,3.05214262008667,33.29359436035156,9.883559226989746,57.16299087944461,103.16556868720616,0.2265777558583579,940.1619262731282,30.67169190061284
cyberpunk,1440p,Performance,dlss_mode,1440p_DLAA_vs_Performance,393,0.8708739778164386,0.0654754345528763,0.6199249625205994,0.9822706580162048,0.8830855488777161,348.3654679087282,383.396761123329,15.15163516998291,2507.338134765625,231.74476623535156,24.39474161131464,3.748712366316465,14.138674548472894,36.326208562817584,24.480704261237513,0.1329665973536082,0.043097507460113,0.0315330997109413,0.3036174774169922,0.1290945708751678,5.286133363956713,2.63447865597275,0.8093181252479553,20.7136287689209,4.77088737487793,38.413367702159704,65.22950645900825,0.0278015309042984,897.8364257878616,23.834045417331424
cyberpunk,4K,Quality,dlss_mode,4K_DLAA_vs_Quality,399,0.6184907194068259,0.0949781035101315,0.3564597070217132,0.7771598696708679,0.6325789093971252,3271.5239037535243,1856.927098803465,726.0,11555.55859375,2894.871337890625,13.728609731404353,2.6291619121944723,7.502894168234723,19.521437401678167,13.514510945266805,0.5875968796418125,0.0717978607317938,0.4540505707263946,0.7573713064193726,0.58492511510849,23.208218507599412,7.827935698044964,10.606378555297852,49.93590545654297,21.848752975463867,247.33661714678004,381.1864978710704,0.7281036254812534,3374.8496095257624,149.46405034746016
cyberpunk,4K,Ultra_Performance,dlss_mode,4K_DLAA_vs_Ultra_Performance,399,0.7618254718923927,0.0832279088853054,0.4632068872451782,0.8997771739959717,0.7888798117637634,959.9333170266976,688.7741024456948,138.0518035888672,5700.361328125,758.0550537109375,19.26080873760989,2.901767753821475,10.57177975750276,26.73038275980452,19.333796134751267,0.3570813045167086,0.0798656956356055,0.1245794147253036,0.6249532699584961,0.3511597216129303,10.14599457061978,3.836192641039594,3.054105043411255,31.675037384033203,9.530613899230955,61.24503802990356,115.70370131064716,0.1345977864451129,1332.8345336859325,35.34455872682372
cyberpunk,1080p,Ultra_Performance,dlss_mode,1080p_DLAA_vs_Ultra_Performance,393,0.9168503536219512,0.04355225450467,0.7666710615158081,0.9801897406578064,0.9307206273078918,98.20631752305358,88.8556346110633,8.620980262756348,851.595703125,71.0829849243164,29.3431302121932,3.0301208222442275,18.828468994048308,38.77523710066257,29.61314704411332,0.1347870434665194,0.0352764453922581,0.0439969822764396,0.3124808073043823,0.1310627907514572,3.2305562763117046,1.1719065232254775,0.9986928701400756,11.481782913208008,3.068138599395752,18.20036076479264,34.43081590417103,0.0725250265174963,398.5729827866404,10.43817138410293
marvel_rivals_low,1080p,Quality,dlss_mode,1080p_DLAA_vs_Quality,544,0.6652310871354797,0.0830032639163116,0.3950892090797424,0.98530775308609,0.655851811170578,1009.614899389884,633.0755445569744,56.1585807800293,7008.64404296875,898.6026306152344,18.81596995013733,2.7088626980828625,9.674463573974329,30.63664236945414,18.595126756454572,0.2947201386936392,0.0923949782928707,0.0083696972578763,0.6049191951751709,0.2968017905950546,11.24201645187157,4.473679370594817,0.4092095494270324,41.46824264526367,10.809176445007324,73.00716864802237,201.85499251424017,0.0124511816457015,2917.57952879063,25.47028349714971
marvel_rivals_low,1440p,Ultra_Performance,dlss_mode,1440p_DLAA_vs_Ultra_Performance,544,0.7765599007800441,0.0705371200910929,0.1099278703331947,0.9867857694625854,0.7732203304767609,545.5596566620995,383.9466243788243,114.39342498779295,3117.303955078125,436.7366638183594,21.50932637244768,2.4781698459023604,13.19301210314749,27.546792977184328,21.72860941864017,0.1822273915048058,0.0756844340277376,0.0136615363880991,0.6575939655303955,0.1641826182603836,6.8812643583206565,3.080477205335506,0.5021370649337769,21.286462783813477,6.285336494445801,46.41951234281313,116.96908551484212,0.0015259273251331,1176.892333914619,21.92164611692496
marvel_rivals_low,1080p,Balanced,dlss_mode,1080p_DLAA_vs_Balanced,544,0.6568956207484007,0.0814586347068674,0.3841542303562164,0.984619438648224,0.6466439366340637,1055.5628877387328,517.7861249559024,62.33325958251953,3790.989501953125,965.2594299316406,18.51732020463253,2.589452081209899,12.343277790925288,30.183605228947705,18.2843667774484,0.3145249861751354,0.0916441357188501,0.0088554034009575,0.6033745408058167,0.3220971673727035,11.73812282299075,4.141846221321523,0.4045825600624084,26.472862243652344,11.425435066223145,66.52310992501317,106.70568045020153,0.0711059809171672,955.828185989316,29.500671375452043
marvel_rivals_low,1440p,Balanced,dlss_mode,1440p_DLAA_vs_Balanced,544,0.6798448934055427,0.079258495000409,0.1922698616981506,0.9768472909927368,0.6729278564453125,1024.3818356990814,536.042007504594,109.455810546875,5248.1865234375,918.4402465820312,18.62201388519967,2.4390580269365056,10.930710991611042,27.738415394914817,18.500295494950542,0.3147445016828201,0.0915523425417935,0.0143922884017229,0.6356667876243591,0.317541092634201,11.229240349000868,4.11669922785696,0.5292690992355347,34.18056106567383,10.871867179870604,89.50087294161078,224.11737119200657,0.0723266658344528,2208.4273070840836,28.648178094193668
marvel_rivals_low,1440p,Quality,dlss_mode,1440p_DLAA_vs_Quality,544,0.8619126811185304,0.0642353304470147,0.6044977307319641,0.9879397749900818,0.8714201152324677,368.3772989230997,430.2097412489674,56.96045684814453,5269.267578125,252.22286224365232,23.77290576002562,3.0042713940828616,10.913301078725466,30.57506896990645,24.112973137087756,0.1133715781222289,0.0679098347175783,0.0116526568308472,0.4847550392150879,0.0905259177088737,4.964903186732793,3.236065270170291,0.4578602612018585,33.0114860534668,4.216764450073242,49.64361079855019,198.50207992554937,0.007873555359481,2280.87756343783,8.880920412116382
marvel_rivals_low,4K,Performance,dlss_mode,4K_DLAA_vs_Performance,544,0.7113209340639193,0.0768852233558991,0.0841160789132118,0.983668088912964,0.7040206789970398,1006.5625727316911,571.7195849708661,90.9751205444336,5586.447265625,908.0301818847656,18.75180433673781,2.542606521822867,10.659446573552705,28.54157721157616,18.5498008523072,0.32710924952784,0.0945154760911201,0.0107324812561273,0.6583453416824341,0.3367246240377426,10.905471327933755,4.170447398671309,0.3944086134433746,35.474815368652344,10.577325344085692,77.23816985061053,196.49200638628227,0.0023193097201783,2227.289123499826,25.01979060672855
marvel_rivals_low,1080p,Performance,dlss_mode,1080p_DLAA_vs_Performance,544,0.7850305263829582,0.0705322190595398,0.5635782480239868,0.9900649785995485,0.7812580466270447,471.4439574480057,399.02732857255825,55.150901794433594,5095.74072265625,369.9635467529297,22.310241762123272,2.747853921684693,11.05873038397819,30.715277427110237,22.449214780195863,0.1412362199078095,0.0696856760036335,0.0078271618112921,0.4819465279579162,0.1209461502730846,6.374434416182339,3.109227091170391,0.3680095672607422,31.76080322265625,5.765162467956543,34.46251042829774,83.18292231247814,0.0332641598627105,1022.1562499492592,15.365509029770353
marvel_rivals_low,4K,Balanced,dlss_mode,4K_DLAA_vs_Balanced,544,0.7068032178589526,0.073993020690085,0.4009768664836883,0.9877175092697144,0.6982452869415283,1047.6975828339073,606.7156607750172,87.5380630493164,7021.5439453125,932.428192138672,18.58400923053032,2.5498343693191856,9.666477425836687,28.70883428098471,18.43465048562129,0.3377736673676683,0.0958690613008127,0.0122553836554288,0.6196442246437073,0.3479785770177841,11.281685617094968,4.370422485078286,0.4211710095405578,42.045711517333984,10.8694167137146,87.94897590943131,264.40160059718033,0.1161499292400094,3156.018401839192,27.177993730268753
marvel_rivals_low,1440p,Performance,dlss_mode,1440p_DLAA_vs_Performance,544,0.6873252972659162,0.0801743654212427,0.1077990010380745,0.9773678779602052,0.6803130209445953,986.9444146857542,617.7218222510592,102.4353485107422,8176.4072265625,889.9869384765625,18.840030942157227,2.4888724084623015,9.005178474700399,28.0263051151258,18.63696961739249,0.2996907581058194,0.0918133239480182,0.0118193374946713,0.6739982962608337,0.3020004034042358,10.864303119371042,4.37877896431045,0.5090144872665405,48.45574951171875,10.474650859832764,65.36632935127308,178.0104852458663,0.1691589317896387,2518.351440386959,22.006469759158165
marvel_rivals_low,4K,Quality,dlss_mode,4K_DLAA_vs_Quality,544,0.7096354390001473,0.0773542102468998,0.1268480122089386,0.9837190508842468,0.7012496590614319,1004.0227337164038,595.1993678014853,83.29366302490234,7032.93896484375,896.6053161621094,18.784522043008614,2.5777629324799105,9.659435124501792,28.924683992931097,18.60479117695147,0.3234688673264292,0.0952145967578666,0.0099373217672109,0.6080915927886963,0.331737071275711,10.886803975054884,4.266249490782424,0.3935861885547638,41.93656539916992,10.391684532165527,88.11065817591866,264.3614689529038,0.0576781890974871,3155.054534687012,26.00144960350346
marvel_rivals_low,4K,Ultra_Performance,dlss_mode,4K_DLAA_vs_Ultra_Performance,544,0.698487381779534,0.0715078318701694,0.3586829006671905,0.9817020893096924,0.6928292810916901,1162.161552807864,592.7286726817181,97.08750915527344,5441.794921875,1052.9724731445312,18.071731098796263,2.473091971009612,10.77338189829216,28.259170017516997,17.906633553312286,0.3786677074283087,0.0944658147295624,0.0137230325490236,0.5990265607833862,0.3892390727996826,12.365044957300755,4.373086698634141,0.4671247601509094,33.58926773071289,12.038009643554688,90.67604692804484,214.3405017307516,0.0015258651527574,2394.6373593778058,33.100128086317426
marvel_rivals_low,1080p,Ultra_Performance,dlss_mode,1080p_DLAA_vs_Ultra_Performance,545,0.6874067728125721,0.0773303587390185,0.4464686810970306,0.979250967502594,0.6766800284385681,920.3869281593812,570.1610670128628,74.43731689453125,5453.20263671875,786.6314086914062,19.2450188686071,2.7257807766728797,10.764287248400503,29.41289650343895,19.173090778978743,0.2781725342035157,0.0891648705331764,0.0110569121316075,0.5497815012931824,0.2740128338336944,10.461167644032644,4.251879481446515,0.4207721650600433,35.10964584350586,9.863192558288574,96.24703824467848,241.3740040706553,0.0454101901073045,2148.448059007491,31.49191286253165
