frame_index,timestamp,fps,fps_interpolated,ssim,mse,psnr,lpips,flip,optical_flow
0,0.0,116.0,False,0.8702294935617484,216.39219393004115,24.77838770765426,0.160028874874115,4.9550634765625,
10,0.167,116.0,False,0.8601012391555061,206.0955105452675,24.990118293829862,0.18127180635929108,4.798351658950617,
20,0.333,116.0,False,0.8806101728369395,165.22141541280865,25.950140225274367,0.16466373205184937,4.187296127507716,16.02112059542182
30,0.5,114.0,False,0.8784730540969987,184.11132378472223,25.479998602184345,0.18436381220817566,4.365902536651235,21.264319862397144
40,0.667,114.0,False,0.8933262543189656,169.71809477880657,25.83352213048464,0.17628887295722961,4.15944522810571,15.355882201646097
50,0.833,114.0,False,0.8965569979567714,170.3950440457819,25.8162340174515,0.18762928247451782,4.143327003761574,12.220288708847733
60,1.0,114.0,False,0.9015520992238434,166.709447659465,25.911201482618182,0.19197429716587067,4.0938113064236115,4.041950392232536
70,1.167,114.0,False,0.90660265033509,125.33902182998972,27.149940598090122,0.19407851994037628,3.884856288580247,8.372892634387867
80,1.333,114.0,False,0.917326335636076,106.25025398662551,27.86750383982191,0.1827959269285202,3.6215392915702163,7.67646556712964
90,1.5,116.0,False,0.9150990540006894,105.87666296939301,27.882801161571603,0.18511810898780823,3.5751323784722224,14.347335873199583
100,1.667,116.0,False,0.9194559289928422,98.06493103780865,28.215666336070683,0.1728811413049698,3.4438742404513887,0.4559243184156401
110,1.833,116.0,False,0.9274287752056398,84.83750305426955,28.844924830331742,0.15011543035507202,3.1180335527584875,8.741773726851847
120,2.0,116.0,False,0.9250809689093014,82.77687660751029,28.951713255839667,0.14068949222564697,2.950787398726852,15.331787069187236
130,2.167,116.0,False,0.9186058425802859,91.31259870113169,28.52549658153988,0.13894371688365936,2.992377025462963,19.872916907793204
140,2.333,116.0,False,0.9201413514189861,81.23121334876544,29.033574205384298,0.1298082172870636,2.9335496841242286,13.651410108024706
150,2.5,116.0,False,0.9100969258440833,77.25903018904322,29.251311086018283,0.13277196884155273,2.9545727237654322,17.869199701003083
160,2.667,116.0,False,0.9175744248029538,62.94022794495885,30.141520494426224,0.11342544853687286,2.6663790629822532,16.125270865483543
170,2.833,116.0,False,0.9085443917974415,62.59044302983539,30.165723352655345,0.12108849734067917,2.735644169560185,10.005877057613176
180,3.0,116.0,False,0.9041006888470018,65.0113163901749,30.000914008705642,0.12059810012578964,2.8017105516975307,7.887212898662554
190,3.167,116.0,False,0.8924796950178719,73.59597961676955,29.46226270415494,0.13788291811943054,3.0471184172453705,8.103252636316881
200,3.333,116.0,False,0.8905180039639233,76.17426793981481,29.312720716683295,0.13453982770442963,3.1250989824459876,7.991531957304517
210,3.5,123.0,False,0.8795259000811692,89.1045680619856,28.631803915868236,0.1477416306734085,3.4112250434027778,16.26182773919753
220,3.667,123.0,False,0.8773332492005507,95.04248665766461,28.351625703564824,0.14929820597171783,3.5335533010223767,14.706654369212956
230,3.833,123.0,False,0.8661500139767125,106.30416313014403,27.86530087981065,0.16314813494682312,3.758077980324074,13.71409794560185
240,4.0,123.0,False,0.8538426020482879,125.10877652391976,27.157925838506568,0.18135406076908112,4.132217459972994,16.013887683256172
250,4.167,123.0,False,0.8495150075767782,129.4731573109568,27.00900622103857,0.17906436324119568,4.2399712456597225,9.005242975180025
260,4.333,123.0,False,0.8428308416841812,144.6369854359568,26.52800999327971,0.18844643235206604,4.517806833526235,12.873869438014395
270,4.5,123.0,False,0.8278060934053244,174.60914303626544,25.71013379996437,0.21312300860881805,4.987861689814815,9.832198431069969
280,4.667,123.0,False,0.8277814908793263,187.92713766718106,25.390908618312157,0.23438763618469238,5.214239064911266,12.347435699588459
290,4.833,123.0,False,0.8281699749905074,192.8202711869856,25.279276715403682,0.2464907169342041,5.196273871527778,6.697561085390959
300,5.0,123.0,False,0.8384694992990249,237.9991099215535,24.365050279999725,0.2455313801765442,5.411558159722222,30.675647183641985
310,5.167,123.0,False,0.8499161438868669,194.22439637988683,25.24776580467361,0.2517561912536621,5.471303590374228,17.947126575360073
320,5.333,123.0,False,0.8425137246073503,224.9818442965535,24.609328882674994,0.28879180550575256,6.126501796392747,5.708452690972251
330,5.5,116.0,False,0.8359171399681861,170.77770897633744,25.806491777722442,0.30360203981399536,6.028646195023148,20.356961644804528
340,5.667,116.0,False,0.8180492582667392,184.058270158179,25.48125024804491,0.32554394006729126,6.04381160783179,3.864183867026753
350,5.833,116.0,False,0.8094975007153824,188.4094971707819,25.3797757034678,0.3468310534954071,6.242846317997685,12.579806375385814
360,6.0,116.0,False,0.8046500324297106,194.2927465920782,25.246237732060347,0.35116609930992126,6.567138913001544,3.4283334137088417
370,6.167,116.0,False,0.8153365787170317,179.48709860468108,25.59047123586781,0.3435578942298889,6.442338987750771,4.756012329603905
380,6.333,116.0,False,0.8327702883393482,183.69192177854939,25.489903031148586,0.35957762598991394,6.459863642939815,16.687430957433122
390,6.5,110.0,False,0.818541174654035,298.21271010159467,23.385542113238618,0.3766559362411499,7.5357728708526235,31.306863024048397
400,6.667,110.0,False,0.7629428736075201,287.6147775205761,23.542691647246315,0.3669007420539856,7.537187921971451,4.8052019836677005
410,6.833,110.0,False,0.7480253329636852,294.7635897312243,23.436065239990768,0.31501898169517517,6.90950008439429,7.535683674125494
420,7.0,110.0,False,0.7477590711516411,251.67975163966048,24.122320841550454,0.298542320728302,6.415334080825617,10.946270978009295
430,7.167,110.0,False,0.7587844019182487,227.18565666795268,24.566994520797955,0.2916489243507385,6.150887225115741,0.2688524787808717
440,7.333,110.0,False,0.7757446151504743,209.67703559027777,24.915294929326343,0.2798720896244049,5.9156970968364195,0.534948881172852
450,7.5,130.0,False,0.7941981539190955,185.18802420910495,25.45467462690834,0.25288066267967224,5.402133728780864,0.3162715406378709
460,7.667,180.0,False,0.802681463085753,167.4207188786008,25.892711584779793,0.22916589677333832,4.924047067901235,4.026715374228388
470,7.833,130.0,False,0.815383216454074,149.533805780607,26.3834097419894,0.19900304079055786,4.499889986014661,1.4139199138374465
480,8.0,130.0,False,0.816376917496359,144.67638776363168,26.526827039764637,0.18882161378860474,4.400809763213735,3.33711218814301
490,8.167,130.0,False,0.8265905809709029,136.70677276234568,26.77290329837384,0.18676434457302094,4.218026861496914,5.1617923739711955
500,8.333,130.0,False,0.83704843722662,114.79965502829218,27.53139777854163,0.17462600767612457,3.9099959008487652,1.9502181391460738
510,8.5,119.0,False,0.8374112919986841,114.14374758873457,27.556282335837476,0.18458634614944458,4.011358326099537,3.6820765817901133
520,8.667,119.0,False,0.8355927138679617,116.55520093878602,27.465487034435764,0.2014404833316803,4.13969913435571,0.7994669495884779
530,8.833,119.0,False,0.8459938818509388,109.66827610596708,27.729993440922044,0.19906166195869446,4.025637960551697,3.2207789191100744
540,9.0,119.0,False,0.850635391802471,113.22316213348765,27.591450810316864,0.19935627281665802,4.053177264178241,2.650645174254123
550,9.167,119.0,False,0.8564752120927992,118.86229600694445,27.38036245802899,0.202496737241745,4.083025053047839,4.38219127764917
560,9.333,119.0,False,0.8608837455119686,131.8225239519033,26.930907382254887,0.20649664103984833,4.222514588155864,2.383033773791155
570,9.5,109.0,False,0.8560271903012013,139.03293676054525,26.69962664506684,0.23424416780471802,4.48132022810571,3.9149413258744943
580,9.667,109.0,False,0.8660185703739894,132.7393733924897,26.900805976811142,0.23317474126815796,4.44725658275463,3.191643518518532
590,9.833,109.0,False,0.8474137432766278,162.7762744341564,26.014892565875417,0.2701578438282013,4.952914496527778,1.695557645318928
600,10.0,109.0,False,0.8291464806696993,193.96049061213992,25.253670868995954,0.29176414012908936,5.370947205343364,8.669471852494866
610,10.167,109.0,False,0.8123442995373172,205.1533823623971,25.010016792958318,0.3101114332675934,5.684483687789352,9.525268856095693
620,10.333,109.0,False,0.7960286510360804,244.4665234375,24.24860964409355,0.32753968238830566,6.122681086033951,8.551062805426966
630,10.5,119.0,False,0.7867466318642703,280.60087239583333,23.64991343939976,0.361524373292923,6.841987123842593,3.085527906378587
640,10.667,119.0,False,0.7899574750189726,266.3670634002058,23.87599838071867,0.3634817600250244,6.505154320987654,10.684977334104929
650,10.833,119.0,False,0.791718618356253,275.67152488425927,23.726884523040685,0.3453550636768341,6.5377401620370375,8.066501253858036
660,11.0,119.0,False,0.795236579698304,255.27943013760287,24.060645391605618,0.3571189343929291,6.384212601273148,9.265320457175932
670,11.167,119.0,False,0.8112061434634569,209.93745916923868,24.909904241481478,0.36015036702156067,5.933245563271605,30.74410509902262
680,11.333,119.0,False,0.839294049516287,129.54220212834363,27.006690853797778,0.2908296287059784,4.970814163773148,32.577758728780864
690,11.5,131.0,False,0.8274663043090769,136.2746288258745,26.78665353063748,0.2984941601753235,5.258163339120371,7.016614422582293
700,11.667,131.0,False,0.8260569743535984,146.6977047968107,26.46657041856787,0.3024284839630127,5.538719798900463,3.5922984985853788
710,11.833,131.0,False,0.8463151453427326,124.52127314814815,27.178368084591934,0.25816261768341064,4.692836250964506,16.958483715920778
720,12.0,131.0,False,0.8510587217985554,117.58729777520576,27.427199507271297,0.23917406797409058,4.520280791859568,19.229569589120374
730,12.167,131.0,False,0.8418693992381734,145.782918595679,26.493737202482855,0.24966266751289368,4.910681544174382,6.47795741705248
740,12.333,131.0,False,0.8058051170556929,188.88535461676955,25.368820750249323,0.26752135157585144,5.8551109784915125,2.275480243698567
750,12.5,131.0,False,0.8053411164519909,174.18967769418725,25.720579452897162,0.26800087094306946,5.59318431712963,0.1475724183384699
760,12.667,113.0,False,0.8207207530068849,155.33510448816872,26.21810746976631,0.250301718711853,5.276567262249229,2.7786484053497844
770,12.833,113.0,False,0.8487122590822507,126.98254372427984,27.09336338221299,0.22485733032226562,4.76531364535108,8.415805121527782
780,13.0,113.0,False,0.8477826782320378,137.5125016075103,26.747381781027208,0.24835282564163208,5.013846330054013,4.901509693287025
790,13.167,113.0,False,0.8706661055219329,110.21099601337448,27.708554335963214,0.23262816667556763,4.472054036458333,10.467634146733545
800,13.333,113.0,False,0.8769255313200777,109.41186181841564,27.740159525540122,0.22030091285705566,4.462351827739197,4.103230854552464
810,13.5,113.0,False,0.8751450022610742,117.00622765560699,27.44871383185963,0.21486566960811615,4.86564712336034,6.294506253215019
820,13.667,108.0,False,0.893531650690462,100.50442258230453,28.108951880583597,0.1894347369670868,4.412849151234568,0.12102012602881018
830,13.833,108.0,False,0.8941268855276086,93.57803192515432,28.419064537265747,0.16137777268886566,3.7953181061921297,1.2670822080761184
840,14.0,108.0,False,0.8902477413007983,98.30377636316872,28.205101591885327,0.16926881670951843,3.8002754870756172,0.5290813078703707
850,14.167,108.0,False,0.8861470126471327,113.75457786779836,27.571114777126645,0.19038259983062744,4.011042269483025,2.6835104005915724
860,14.333,108.0,False,0.9010694220423862,110.31309204603909,27.704533029522853,0.1943778693675995,3.9166084948881172,9.029938271604934
870,14.5,108.0,False,0.8987495876148474,136.108454218107,26.791952591308426,0.1995604783296585,4.225928578317901,13.371682902520575
880,14.667,117.0,False,0.879823864156054,227.68717994470165,24.557417827605256,0.23415488004684448,5.432971583236883,49.1490586419753
890,14.833,117.0,False,0.8407418462721582,470.8837215470679,21.401666837283937,0.24950966238975525,7.534904453607253,90.29510079089503
900,15.0,117.0,False,0.8315885724689465,605.6444243505658,20.30862637469173,0.2516281008720398,8.35159077208719,97.5507884837963
910,15.167,117.0,False,0.8285444587050376,674.5422162744342,19.840712256571784,0.25286397337913513,8.787911904417438,78.52643341692387
920,15.333,117.0,False,0.8257029911753284,696.0435164287552,19.704439684497473,0.2533928453922272,8.955424563560957,76.00150519225822
930,15.5,117.0,False,0.8404696609065735,502.4854882008745,21.119568370346645,0.2254045307636261,8.138738546489197,51.420654497813786
940,15.667,118.0,False,0.8395583042904036,493.14854134516463,21.201026079802805,0.22477838397026062,8.247927517361111,10.704585824974288
950,15.833,118.0,False,0.8362859746708149,520.1710977687757,20.969341430123706,0.22980257868766785,8.582511091820988,3.1902678112139853
960,16.0,118.0,False,0.8425071820752217,505.8496810699588,21.09058880353455,0.22248786687850952,8.44530719521605,15.555393036265414
970,16.167,118.0,False,0.8351997878489007,486.7290020576132,21.25793136140072,0.2248310148715973,8.314153344425154,12.276366785622429
980,16.333,118.0,False,0.8443243534017555,446.2012373006687,21.63549590634776,0.2184334695339203,7.962072844328704,21.746654771090533
990,16.5,118.0,False,0.8544845291564025,245.26428481867285,24.234460496589087,0.20304034650325775,6.281412217881944,11.416107735339509
1000,16.667,121.0,False,0.860928472810114,203.67763069058643,25.041370265221413,0.19364723563194275,5.732389322916666,22.58840141139403
1010,16.833,121.0,False,0.8682677971347044,182.1303002829218,25.526981572421995,0.1830802857875824,5.343004255883487,25.03213927469136
1020,17.0,121.0,False,0.865019352536101,176.19773807227367,25.670800319850446,0.18609465658664703,5.218374204282408,19.476651395318925
1030,17.167,121.0,False,0.8705108294933069,156.1170296424897,26.196300812752767,0.17936331033706665,4.892675118152006,19.983674366640955
1040,17.333,121.0,False,0.8709068752524459,136.12599971064816,26.791392786295244,0.18191023170948029,4.529819637345679,5.060349070859047
1050,17.5,121.0,False,0.8763415580059336,123.9433331725823,27.198571895400107,0.17422422766685486,4.371030755690587,10.782576517489716
1060,17.667,124.0,False,0.8826216791199682,114.49109198173868,27.54308663307065,0.16945821046829224,4.202946626639661,2.932823511445477
1070,17.833,124.0,False,0.8752139226110678,120.23142377186214,27.330623708455516,0.17647172510623932,4.260155828028549,8.865771765689303
1080,18.0,124.0,False,0.8712662454227208,123.49240306712963,27.21440119122471,0.17818938195705414,4.306906708140432,6.136727912808638
1090,18.167,124.0,False,0.8705770420391784,119.802974376286,27.346127603507394,0.17677120864391327,4.249249614197531,5.899528758359054
1100,18.333,124.0,False,0.8599053934183059,132.2929547646605,26.91543644331976,0.18895691633224487,4.490640070408951,3.9933187853652186
1110,18.5,124.0,False,0.8580034322340834,139.78242814429012,26.676277805856824,0.1903938353061676,4.595035385320216,12.225532889660485
1120,18.667,132.0,False,0.8555548516991832,147.11901604295267,26.454115492636717,0.19067667424678802,4.640828631365741,20.92723918145576
1130,18.833,132.0,False,0.8548304383218116,143.43653260030865,26.5642058271558,0.18816028535366058,4.58361141251929,28.534828157150216
1140,19.0,132.0,False,0.8441702418828628,178.24664303626543,25.620590014438914,0.19930215179920197,4.941553638599537,18.699994614840534
1150,19.167,132.0,False,0.8423474136467051,187.18169142232512,25.408169935123475,0.20006340742111206,5.013139347029321,15.78850702481995
1160,19.333,132.0,False,0.8411874836747618,190.29278903034978,25.336580294577352,0.20172014832496643,5.0221028043016975,15.382655526620368
1170,19.5,132.0,False,0.8362839747793509,199.0615145961934,25.140930567124087,0.22238776087760925,5.14445987654321,3.608692370756188
1180,19.667,135.0,False,0.8357865626963559,198.18783130787037,25.160033754920303,0.22813549637794495,5.122672706886574,8.535409432870352
1190,19.833,135.0,False,0.8347788949018177,194.77543659979423,25.235461743509816,0.21305963397026062,4.951149148823302,11.235020254629632
1200,20.0,135.0,False,0.8339347197793695,196.02618296682098,25.207662774779468,0.22917842864990234,4.941173201195988,24.125687853652266
1210,20.167,135.0,False,0.8310287789018619,198.434933127572,25.1546223171375,0.2541950047016144,5.12158619068287,23.656689011059655
1220,20.333,135.0,False,0.8353464463096776,197.4308288323045,25.176653921372875,0.2551560699939728,5.137019314236111,28.192249710648156
1230,20.5,135.0,False,0.8411681378804429,192.27290300282922,25.29162277386296,0.26217424869537354,5.13374698591821,36.669881928369335
1240,20.667,134.0,False,0.8431966898916188,197.96036056455762,25.16502124705074,0.268893301486969,5.294956597222222,33.82422839506171
1250,20.833,134.0,False,0.847513053403555,199.9244140625,25.12214529004899,0.24179796874523163,5.2476591435185185,17.656862622170763
1260,21.0,134.0,False,0.8423157423599684,214.639252346965,24.81371213979619,0.25810834765434265,5.342392758969908,24.162427742412575
1270,21.167,134.0,False,0.8508564477802284,199.52969023276748,25.13072832550073,0.26525211334228516,5.168931206597223,6.643865338863179
1280,21.333,134.0,False,0.852684760460296,199.35651363168725,25.134499308113845,0.2552202641963959,5.1460023630401235,14.23872757523148
1290,21.5,134.0,False,0.8668577484251784,185.4364543145576,25.448852462083977,0.24342359602451324,4.859651994116512,14.645615756815857
1300,21.667,128.0,False,0.8724852777053523,198.79163740997942,25.146822499368447,0.25558459758758545,4.981769024884259,2.829048032407428
1310,21.833,128.0,False,0.8712337266825889,225.98860628858026,24.589938170777383,0.24249427020549774,5.207352430555556,4.038046553497935
1320,22.0,128.0,False,0.8642424609038073,293.97046569573047,23.447766604886553,0.2505957782268524,5.884277765721451,13.646653163580254
1330,22.167,128.0,False,0.8597768959351424,337.39448479295265,22.849423817362144,0.2512727379798889,6.310615294656635,0.9048064557613031
1340,22.333,128.0,False,0.8607579380880153,380.6154546039095,22.325939423584977,0.2529519200325012,6.719943516107253,6.594624726723254
1350,22.5,128.0,True,0.8608299956512223,395.28236641589507,22.16172920011118,0.24630434811115265,6.875434088059413,3.4982003118569196
1360,22.667,116.0,False,0.863409980645072,421.6884341242284,21.88088671318329,0.2555481493473053,7.207441948784722,6.420271588863159
1370,22.833,116.0,False,0.8491875555644705,419.65432163065844,21.901886609996662,0.29279625415802,8.0010489607446,34.630647344393026
1380,23.0,116.0,False,0.7952324290766705,493.3763765110597,21.199020097889935,0.35034415125846863,10.125813018422068,24.37178377379115
1390,23.167,116.0,False,0.8604021563511255,321.9705660043724,23.05264189812342,0.22062869369983673,6.920488884066358,22.268828044624513
1400,23.333,116.0,False,0.8457423359518819,373.19746961805555,22.411416704200317,0.22423653304576874,7.267876097125772,33.81143269354425
1410,23.5,116.0,False,0.8508388805943532,292.4879621592078,23.469723642118016,0.21129682660102844,6.445705355420524,1.2376964377571937
1420,23.667,119.0,False,0.8186108922686594,343.61780398019545,22.77004702885549,0.2725304067134857,7.024886791087963,16.976703398276754
1430,23.833,119.0,False,0.805633102331769,337.87708317258233,22.843216245212666,0.27602818608283997,6.558446723090277,21.61543467078195
1440,24.0,119.0,False,0.823419305307768,321.59581098894034,23.057699777449677,0.2599317729473114,5.9362873746141975,5.560857687114208
1450,24.167,119.0,False,0.8501974544259154,260.9719897762346,23.964864640216412,0.2176063358783722,4.882125771604938,27.84186213991768
1460,24.333,119.0,False,0.8483340868741657,454.87470052083336,21.55188578203143,0.3020811975002289,7.3074470727237655,76.1746203864455
1470,24.5,119.0,False,0.8901938947728933,243.4005838477366,24.267587452255235,0.2070181965827942,5.3116623263888885,25.845669286908446
1480,24.667,124.0,False,0.9087208562311023,90.85976032021605,28.547087740171357,0.16405870020389557,2.935150704089506,75.31221940907922
1490,24.833,124.0,False,0.9132585017415362,73.01401202417695,29.496741478594043,0.14963418245315552,2.6815629822530864,3.745067354681069
1500,25.0,124.0,False,0.9155985028847603,73.71063802083333,29.45550190507564,0.1515868604183197,2.6657292872299383,3.7721354970421714
1510,25.167,124.0,False,0.9058929364935915,71.95787085262346,29.560020562588313,0.14853951334953308,2.761692768614969,4.675107462062741
1520,25.333,124.0,False,0.8960067486290966,72.8574453446502,29.50606421688784,0.2189597338438034,3.3528141276041667,1.9439602623456693
1530,25.5,124.0,False,0.8991911747267884,109.42242219650205,27.739740366910205,0.2220342755317688,3.71882137345679,20.345337336033964
1540,25.667,150.0,False,0.8983667644255415,161.79478330761316,26.041158461704033,0.2410644292831421,4.480606855227624,25.126667631172836
1550,25.833,5.0,False,0.8858431422929944,154.13558915252057,26.25177434102504,0.23289033770561218,4.720681303047839,19.52769217785493
1560,26.0,150.0,False,0.8764645934425607,103.32348283179013,27.988813239053975,0.17866027355194092,4.023728479456018,40.442699813528804
1570,26.167,150.0,False,0.8737208214891368,111.27991817772634,27.66663563213315,0.16663354635238647,4.001832501446759,7.392475887345682
1580,26.333,150.0,False,0.8445242249878812,158.5050379372428,26.130372904430143,0.18790751695632935,4.6011794704861115,1.390278501157411
1590,26.5,150.0,False,0.8105905412347986,143.67829378858025,26.556891988567934,0.18009591102600098,4.859861111111111,36.09184301054526
1600,26.667,138.0,False,0.8001532007220051,151.9242316100823,26.31453312382011,0.17827604711055756,4.866109423225309,19.832537615740733
1610,26.833,138.0,False,0.7791664580478967,195.67955568415638,25.215349072966028,0.22057323157787323,5.779619803722994,0.6474144000771958
1620,27.0,138.0,False,0.7723617010280595,226.78788323045268,24.574605134103813,0.2359076738357544,6.3786533082561725,19.290957272376545
1630,27.167,138.0,False,0.7736367661378609,242.43754452803498,24.284804841577436,0.24898050725460052,6.606934136284722,6.55056624549897
1640,27.333,138.0,False,0.7768040901579346,237.09341885288066,24.381608617001227,0.2546657919883728,6.335894157503858,7.097239904835391
1650,27.5,138.0,False,0.7782994308672752,246.06568061985595,24.220293150512077,0.27357393503189087,6.128149172935957,2.733032970036021
1660,27.667,143.0,False,0.8353610606424916,208.91093782150205,24.931191822032183,0.2664133310317993,6.106231734664352,63.822470743312806
1670,27.833,143.0,False,0.8528869181755344,158.92946309156378,26.118759446425763,0.2585953176021576,4.724972632137345,34.09411916473769
1680,28.0,143.0,False,0.8604650633703119,165.72965534979423,25.936801336651094,0.24878616631031036,4.241005557966821,3.888494325488722
1690,28.167,143.0,False,0.8444368411810081,249.6918772505144,24.156759463606083,0.2686903774738312,4.658011489679784,28.448324813528814
1700,28.333,143.0,False,0.8103975018015395,452.0679746977881,21.578766189401605,0.2947466969490051,6.310880835262346,99.04280197080766
1710,28.5,143.0,False,0.6974256154519142,1280.5706820666153,17.05676806189727,0.3634195327758789,12.421768602912808,310.5345092271092
1720,28.667,158.0,False,0.6155427946899363,811.9235725308642,19.035652104324836,0.39418280124664307,10.977394205729167,150.7290010127315
1730,28.833,158.0,False,0.6101468724027257,930.7718073238169,18.442371406463486,0.38867220282554626,11.741782166280863,26.10348556455756
1740,29.0,158.0,False,0.6814514303950788,826.0013488618827,18.96099604343177,0.40822362899780273,10.779412796585648,80.52434960133735
1750,29.167,158.0,False,0.7574272283970764,278.189012024177,23.68740388739953,0.3060412108898163,6.22472282503858,25.751554703575152
1760,29.333,158.0,False,0.7364391777637773,330.5421875,22.938534639776012,0.3472139537334442,6.665432038483797,18.306641669881685
1770,29.5,158.0,False,0.7405066063762399,359.5262874549897,22.573497107129434,0.32345396280288696,7.270797586323303,9.499270029578213
1780,29.667,149.0,False,0.7548034960281634,318.5211400462963,23.0994209939033,0.3054385483264923,7.137207151813271,4.1618477527006235
1790,29.833,149.0,False,0.7259639771047512,418.84245338220165,21.91029666048291,0.38469597697257996,7.998316454475309,3.111514113940302
1800,30.0,149.0,False,0.7206338772269911,435.23935538837446,21.743522024515944,0.3533594608306885,7.816163736979167,18.539799864969154
1810,30.167,149.0,False,0.7340759459293915,382.6033801118827,22.3033155838245,0.34668949246406555,7.2929630232445986,66.16754621592082
1820,30.333,149.0,False,0.7520943442186228,326.9923201195988,22.985428081123555,0.29582685232162476,6.506141312210648,30.265265882201618
1830,30.5,149.0,False,0.7746124805139902,321.7238331082819,23.055971264999123,0.3167646825313568,6.367868622202932,5.598271765689333
1840,30.667,134.0,False,0.8023659609522917,254.36451244212964,24.076238400771164,0.2966246008872986,5.584343653549383,12.61666739004636
1850,30.833,134.0,False,0.8219515782537734,221.34872427983538,24.680033375565426,0.2620053291320801,5.134181375385802,3.2039451517489965
1860,31.0,134.0,False,0.8291077698052081,215.14365145961935,24.803518255863768,0.24142667651176453,4.962242959104938,3.1516994598765393
1870,31.167,134.0,False,0.8327884331121501,210.42157680684156,24.899900901785436,0.23312141001224518,4.869466628086419,3.4830529031635535
1880,31.333,134.0,False,0.8310763397045462,213.446077031893,24.837921836396713,0.24667659401893616,4.883245563271605,6.240318769290127
1890,31.5,134.0,False,0.8243264624504081,212.92925363297326,24.848450290744513,0.23314911127090454,4.938647219810957,12.034827353395059
1900,31.667,116.0,False,0.8255107661877141,199.99087127057612,25.120701884404127,0.20616677403450012,4.805340952932099,8.241833526234558
1910,31.833,116.0,False,0.8213141768832772,195.7025149498457,25.21483954107088,0.20423288643360138,4.823108543113426,16.764454009130674
1920,32.0,116.0,False,0.8262810929659768,174.7128777649177,25.707554436576032,0.1828242689371109,4.596084406346451,31.427543000900187
1930,32.167,116.0,False,0.8309778470071414,152.08156828703704,26.310037784801814,0.15450075268745422,4.365094823013117,22.56673908500514
1940,32.333,116.0,False,0.828697385314111,149.71214152520577,26.378233381896862,0.1578931361436844,4.3783468364197535,8.394732349537037
1950,32.5,116.0,False,0.8291679189650643,140.9996457047325,26.638623394797143,0.14995235204696655,4.382344533661265,9.62801906507201
1960,32.667,114.0,False,0.8147691750888929,156.93420572916668,26.173627471703597,0.17066578567028046,4.694041642554012,7.149033323688286
1970,32.833,114.0,False,0.8221529030512356,143.9767343428498,26.54788042125819,0.1648966521024704,4.615000060281636,16.394632201646118
1980,33.0,114.0,False,0.8170680895099348,148.6979050925926,26.40775510793407,0.17483429610729218,4.76518741560571,13.810250771604927
1990,33.167,114.0,False,0.8223927464537405,142.02077417695475,26.607284851431075,0.17550179362297058,4.750121407214507,7.828233426568943
2000,33.333,114.0,False,0.8268402268073323,135.55509950488684,26.809645007354366,0.16961106657981873,4.687865728684414,12.616772521219161
2010,33.5,114.0,False,0.8252893647103154,140.4944727366255,26.65421122087323,0.18476387858390808,4.773819323881173,23.998146540637862
2020,33.667,17.0,False,0.8283013841611165,140.13778147505144,26.66525122983435,0.18880704045295715,4.757887309510031,15.10282664609052
2030,33.833,117.0,False,0.8379913120169525,136.74617428626544,26.77165175841276,0.2001037895679474,4.724093846450617,11.483490869341566
2040,34.0,117.0,False,0.8471983848871913,130.08261252572015,26.9886111033847,0.1972663700580597,4.560045934606482,7.889886429398146
2050,34.167,117.0,False,0.849747047926281,121.97507330246914,27.268092730887442,0.17972688376903534,4.339612931616513,8.652979439943422
2060,34.333,117.0,False,0.8617409608818658,113.29181761188272,27.5888181635607,0.17919038236141205,4.031162410783179,1.6712298257458968
2070,34.5,117.0,False,0.8681975518926187,108.86374951774691,27.761970725291107,0.1708933264017105,3.82821475935571,5.3193393936471125
2080,34.667,119.0,False,0.8732271773712986,105.18680941358025,27.91119078826499,0.16586387157440186,3.650656105324074,8.795119116512353
2090,34.833,119.0,False,0.8737751479218372,108.93883085776748,27.758976507968217,0.18432004749774933,3.6405758101851853,7.981833124356996
2100,35.0,119.0,False,0.8811759032231513,99.17710021219136,28.16668954838356,0.14584022760391235,3.341899715470679,10.443224585262342
2110,35.167,119.0,False,0.8817084281771366,97.29125626929013,28.25006549629679,0.14048290252685547,3.2741240475501545,8.544007121270582
2120,35.333,119.0,False,0.8852668029440173,93.05063705632716,28.44361010063129,0.13694098591804504,3.1589420572916667,9.866048659336428
2130,35.5,119.0,False,0.8691432519671886,106.18269097222222,27.870266334625256,0.17096786201000214,3.3696754436728393,17.340974151234576
2140,35.667,133.0,False,0.8755490864824417,99.56984021347736,28.149525506810996,0.14104755222797394,3.1850831886574076,13.797655526620375
2150,35.833,133.0,False,0.8794636768266695,89.98664126800412,28.589023186974988,0.13148321211338043,3.086430422935957,10.559759355709872
2160,36.0,133.0,False,0.8767036770261045,91.65076163837449,28.509442824701786,0.14630575478076935,3.1226406370563273,3.662502089763379
2170,36.167,133.0,False,0.8718295131222205,90.01056327160494,28.587868814133735,0.15966001152992249,3.167270206404321,0.2186198720421828
2180,36.333,133.0,False,0.8770498340910932,81.96773051697531,28.9943745015117,0.1494627296924591,3.010693962191358,5.864925170396106
2190,36.5,133.0,False,0.8724303712416052,88.29403372556584,28.671490027898543,0.17286349833011627,3.1882566550925926,3.878654353137861
2200,36.667,173.0,False,0.8711638563259734,92.93869759516461,28.448837787073767,0.19370722770690918,3.39691593123071,2.1310599119084372
2210,36.833,173.0,False,0.8737319196200019,93.87719618055556,28.40520250771106,0.16989590227603912,3.4602710865162036,3.1061579700360227
2220,37.0,173.0,False,0.8637051339184401,113.91835326646091,27.564866624232522,0.19987596571445465,3.837384620949074,4.445185104809681
2230,37.167,173.0,False,0.857099511196831,127.97381156764403,27.059592557146708,0.21724636852741241,4.073017698688272,1.5661361882715994
2240,37.333,173.0,False,0.8483598494932982,144.80758166152265,26.522890601423864,0.21869111061096191,4.399361979166667,0.473476964377582
2250,37.5,173.0,False,0.8440669193775684,134.55975855195473,26.841651616920743,0.18827325105667114,4.304603527681327,4.494475067515424
2260,37.667,152.0,False,0.8378698635529362,143.984972029321,26.5476319450407,0.24263186752796173,4.693549503279321,8.318791313014401
2270,37.833,152.0,False,0.8321528607294504,137.2435190007716,26.755885157870118,0.2501796782016754,4.7149715470679014,6.239401765046296
2280,38.0,152.0,False,0.8226434391956577,127.4424480774177,27.07766255511259,0.24261349439620972,4.6502873625578705,0.186782246656378
2290,38.167,152.0,False,0.8066930773062779,133.37737429269546,26.87998197353561,0.2732446789741516,4.84342960310571,7.944601176697532
2300,38.333,152.0,False,0.7984600297095401,132.26089409722223,26.91648906614741,0.2528272867202759,4.839441792052469,17.31289946630659
2310,38.5,152.0,False,0.7799372608858389,155.22165589634773,26.22128048712637,0.2835538387298584,5.368273111979167,25.90099545074588
2320,38.667,117.0,False,0.7710817991962036,167.3225597993827,25.895258608149064,0.2707187533378601,5.531808871045524,28.268673241383738
2330,38.833,117.0,False,0.7517670450926016,180.68853153935186,25.56149772486483,0.2862198054790497,5.768101972415123,29.459180009002054
2340,39.0,117.0,False,0.7143984209258529,208.82914303626544,24.93289254580558,0.32489126920700073,6.259288736979166,36.21667832111626
2350,39.167,117.0,False,0.6913402873876565,228.82383889531894,24.53579093538098,0.3581475019454956,6.553928554205247,34.055846354166675
2360,39.333,117.0,False,0.6731237383144801,228.50995788323044,24.541752305998603,0.34267082810401917,6.3017893397955245,17.882754549254116
2370,39.5,117.0,False,0.6679773084485578,236.77522312242797,24.387441063313542,0.38859546184539795,6.470268675250772,14.239557693544242
2380,39.667,116.0,False,0.6660238192172413,214.22260689943417,24.822150608818315,0.38615885376930237,6.198442201967593,13.78688713670266
2390,39.833,116.0,False,0.6884158281923076,208.67648791152263,24.936068420636968,0.3938824236392975,6.239756281346451,9.176880144032907
2400,40.0,116.0,False,0.7253764533519367,163.40174093364197,25.998236815365914,0.33298206329345703,5.359621612172068,9.742109776877555
2410,40.167,116.0,False,0.7618631658058133,129.729296875,27.000422966237277,0.29290297627449036,4.737421633873457,6.538098315329222
2420,40.333,116.0,False,0.8144836594215058,112.83299318415638,27.60644251799496,0.2529031038284302,4.266110026041667,16.157322048611107
2430,40.5,116.0,False,0.8251894538881405,126.58673611111111,27.106921586268157,0.2323112189769745,4.583973946277006,13.684997026105961
2440,40.667,116.0,False,0.8267305525733005,184.21140866126544,25.477638372589727,0.25990748405456543,5.871749131944444,9.44811599794238
2450,40.833,116.0,False,0.8321898350645726,135.36374919624487,26.81577986267144,0.23262612521648407,5.064874071662809,46.75624180169754
2460,41.0,116.0,False,0.8075200093701154,139.96609294624486,26.670575211172256,0.26075392961502075,4.775996756847994,3.8957211291152305
2470,41.167,116.0,False,0.8067065818122855,125.05436889146091,27.159814920520112,0.21722199022769928,4.334462890625,4.994128568672863
2480,41.333,116.0,False,0.7889128923015838,147.7663649369856,26.435047710895194,0.23582127690315247,4.7106315104166665,3.59194356031378
2490,41.5,116.0,False,0.7887343087659574,146.62411699459878,26.46874951161395,0.2208811640739441,4.656902608989197,1.0579239004629812
2500,41.667,112.0,False,0.7842297837764004,161.69997058256172,26.043704199709854,0.232465922832489,4.874052432966821,1.344321068029842
2510,41.833,112.0,False,0.8078489181633314,152.82320891203705,26.288910463074643,0.21387481689453125,4.601349283854167,5.4542771026234504
2520,42.0,112.0,False,0.826306734248237,156.74722286522635,26.17880505814866,0.2138112187385559,4.59280647183642,1.500730774176958
2530,42.167,112.0,False,0.8432765356329368,157.418108281893,26.16025671761276,0.2087714672088623,4.51236587336034,13.660603057484565
2540,42.333,112.0,False,0.8464813170400229,168.10579925411523,25.874976650333274,0.22112056612968445,4.590011031539352,14.478391766332322
2550,42.5,112.0,False,0.8463903031487411,158.32496222350824,26.13530967791632,0.22596101462841034,4.417585660204475,15.228532343106991
2560,42.667,118.0,False,0.8422966597394724,148.09629967206791,26.42536153474849,0.2546512484550476,4.425536687403549,6.236076228137847
2570,42.833,118.0,False,0.8315581006296738,158.52132603523663,26.129926643053203,0.2683683931827545,4.8527495056905865,14.366524482381664
2580,43.0,118.0,False,0.8269980332208323,155.53073993698558,26.21264122710079,0.2636880576610565,4.882009186921296,23.386388487011317
2590,43.167,118.0,False,0.8178082106289803,170.60087416409465,25.810991086925025,0.2695612609386444,5.124406346450617,24.968909304269545
2600,43.333,118.0,False,0.8151553670109164,185.9888414673354,25.43593471674358,0.2636612057685852,5.2522166160300925,20.840375353652234
2610,43.5,118.0,False,0.8104519631216752,190.62927228009258,25.328907708950673,0.2416505068540573,4.978569577064043,20.645979456018495
2620,43.667,113.0,False,0.8084428303174634,169.3556065136317,25.84280782339997,0.21871043741703033,4.801716579861111,5.803610628857996
2630,43.833,113.0,False,0.8035338903055761,194.1465859696502,25.249506029035796,0.2074962854385376,4.800447651427469,25.5971964216821
2640,44.0,113.0,False,0.794428595685818,217.1333235275206,24.763538809716007,0.22801920771598816,5.122875735435957,11.12800580311216
2650,44.167,113.0,False,0.8005067715086279,188.9447075938786,25.367456291820357,0.20995214581489563,4.896068974247685,17.919916489840546
2660,44.333,113.0,False,0.7927696930208897,212.5917031571502,24.85534049614681,0.21505191922187805,5.054412314332562,16.71081565072015
2670,44.5,113.0,False,0.7890907611881814,220.5983354230967,24.694781298230826,0.19650505483150482,5.34833797501929,19.50889041602366
2680,44.667,107.0,False,0.7881290138419026,213.36650993441359,24.839541074105806,0.20217981934547424,4.753836564429013,5.586227173353905
2690,44.833,107.0,False,0.7702436424058773,246.072327031893,24.22017584601507,0.22962762415409088,5.294578269675926,12.917545974794251
2700,45.0,107.0,False,0.7713813663172651,206.27067981610082,24.986428609560107,0.18941691517829895,4.718667956693673,2.5174022633744926
2710,45.167,107.0,False,0.7744512863998149,176.64902520576132,25.65969115637816,0.1433158814907074,4.080610230999229,5.37802477173355
2720,45.333,107.0,False,0.746330214621925,219.55517586162551,24.715366811143763,0.17636436223983765,4.775207308545525,13.485389580118323
2730,45.5,107.0,False,0.7350503468207467,240.19153276105968,24.325226672929617,0.19615276157855988,5.0987193769290124,5.465478716563837
2740,45.667,106.0,False,0.7274841292554318,262.30181343235597,23.942790677577584,0.2045242190361023,5.370865584008488,9.657147392618299
2750,45.833,106.0,False,0.7211536696670602,289.2666396604938,23.5178201034047,0.21364757418632507,5.867467930169753,25.57033436213993
2760,46.0,106.0,False,0.7050084622964776,319.9250921103395,23.080320572086176,0.24048194289207458,6.3170915316358025,0.12958421746395743
2770,46.167,106.0,False,0.7220507400620564,274.75631269290125,23.741326814786675,0.21045683324337006,5.509267819251543,7.214877588091554
2780,46.333,106.0,False,0.7122186677387543,295.5944278870885,23.42384117751003,0.24326960742473602,5.829225139853395,7.04897159529321
2790,46.5,106.0,False,0.7306523675383234,272.1827126736111,23.78219822766488,0.2548060417175293,5.500770881558642,12.493498344264424
2800,46.667,116.0,False,0.7546828193738029,227.46931439686213,24.561575422350185,0.23046021163463593,5.137826123649691,2.636355452674877
2810,46.833,116.0,False,0.7803037600335799,179.10769386574074,25.599661187839992,0.1897907555103302,4.590774619020062,19.52368746784981
2820,47.0,116.0,False,0.7629739297997201,210.22638197659464,24.903931447612973,0.2064698487520218,4.915247395833333,16.744457224151176
2830,47.167,116.0,False,0.7516585446430999,252.3022466563786,24.111592431045025,0.23978939652442932,5.443478009259259,2.82453092849795
2840,47.333,116.0,False,0.7630015312039202,242.6435173932613,24.28111667928096,0.2303655743598938,5.319741271219136,0.8387029803241148
2850,47.5,116.0,False,0.7716960859244227,260.7258945794753,23.968961946228482,0.24505949020385742,5.399241717303241,35.975650237911566
2860,47.667,116.0,False,0.7706297349352575,299.755407503858,23.363133344751606,0.21250294148921967,5.618541666666666,2.656836500128634
2870,47.833,116.0,False,0.76870038189135,295.87604230967077,23.41970559999073,0.2137000560760498,5.45204547646605,0.39409376607511604
2880,48.0,116.0,False,0.7538840712258758,335.6961099858539,22.8713405215331,0.21324077248573303,5.806493176118827,2.1875294978137845
2890,48.167,116.0,False,0.7474368623612149,347.9466777584877,22.715676667189992,0.20273201167583466,5.884871057581019,6.086895013503067
2900,48.333,115.0,False,0.7569376266500959,275.3481121399177,23.7319825767918,0.1896495819091797,5.400133041570216,21.836820183899192
2910,48.5,115.0,False,0.7570328858613505,251.52831243569958,24.124934838316605,0.1820322871208191,5.185064441068673,14.068206902649194
2920,48.667,115.0,False,0.7470797091880855,243.9134034207819,24.258446947413717,0.19601166248321533,5.13920181086034,9.721561053240748
2930,48.833,115.0,False,0.7530538413458231,228.26558802726336,24.546399161158227,0.1819397509098053,4.95500114535108,20.8665124260545
2940,49.0,115.0,False,0.7347633756928731,271.4223865097737,23.794346961119487,0.20388711988925934,5.492161578896605,11.910952289094666
2950,49.167,116.0,False,0.723205560743004,302.5060646540638,23.323462750384554,0.21564380824565887,5.92739444685571,9.299993569958872
2960,49.333,115.0,False,0.7213547278535303,340.1792566872428,22.813725330167745,0.2193491905927658,6.259708417727624,11.019495000643019
2970,49.5,115.0,False,0.7074336827047887,424.84958526234567,21.848451622363704,0.24710123240947723,7.075227322048611,6.96222624099795
2980,49.667,116.0,False,0.711874673036454,465.68202208719134,21.449908887909604,0.254909873008728,7.450648389274692,9.55564959490738
2990,49.833,116.0,False,0.7046600179879446,501.66419608410496,21.126672544544192,0.2624109089374542,7.860297309027778,1.820195392875462
3000,50.0,116.0,False,0.701053595477516,540.5144087577161,20.802730852232436,0.27901217341423035,8.212774040316358,6.432016782407459
3010,50.167,116.0,False,0.7284893283066755,477.0545360725309,21.345123311747255,0.2512408196926117,7.568971715856481,3.3029020383231114
3020,50.333,116.0,False,0.7133284039230564,560.5167771026235,20.644917446611878,0.28542283177375793,8.263758499710649,22.148355436599786
3030,50.5,116.0,False,0.7003990794038002,573.0011189879115,20.54924890785685,0.29938018321990967,8.37514678578318,14.78441068672845
3040,50.667,114.0,False,0.7230421179901372,457.9459370177469,21.522661506385813,0.26224327087402344,7.494244429976852,13.765697739840562
3050,50.833,114.0,False,0.7329072745648167,398.3860474537037,22.127762410057418,0.2627701461315155,7.161212745949074,24.145272633744923
3060,51.0,114.0,False,0.7259457646064387,430.8114401684671,21.78793133428436,0.2895636260509491,7.672918294270834,20.488756108539064
3070,51.167,114.0,False,0.7611769033204068,324.50147472993825,23.01863686031617,0.2570747435092926,6.835140817901235,52.68497701260287
3080,51.333,114.0,False,0.7975557417847656,212.8341668274177,24.85039013215205,0.2182459533214569,5.240672863618827,44.23998625578702
3090,51.5,114.0,False,0.8013622621998358,209.4898922968107,24.91917287387163,0.21380336582660675,5.0927294921875,15.658598170653306
3100,51.667,109.0,False,0.8081746370559483,210.86892939814814,24.89067767780913,0.2154085487127304,5.052109616126543,8.840437885802487
3110,51.833,109.0,False,0.8016903349507541,196.40774996784978,25.199217404420967,0.20080968737602234,4.843640407986111,20.469285863554546
3120,52.0,109.0,False,0.7776261380507489,257.5336144868827,24.022464376523086,0.2155027538537979,5.431046609760802,1.530454443158419
3130,52.167,109.0,False,0.7629078737675582,272.8511964699074,23.77154498335554,0.21753869950771332,5.764357096354167,3.609525382587492
3140,52.333,109.0,False,0.774320589817158,231.5902170138889,24.483601511778893,0.20511077344417572,5.360590940875771,6.649244148662547
3150,52.5,109.0,False,0.7800024710774418,216.53214377572016,24.775579852214168,0.1972416192293167,5.257364969135803,26.64088396990735
3160,52.667,114.0,False,0.7622160786535047,260.54646267361113,23.971951795530394,0.23435667157173157,5.890802228009259,15.638941615226372
3170,52.833,114.0,False,0.7558093809091411,284.1712369791667,23.59500243129355,0.24535968899726868,6.1427889298804015,7.896552613811707
3180,53.0,114.0,False,0.7551844863344128,286.5320376800411,23.559071725758013,0.24369056522846222,6.155248179494599,12.935276250643028
3190,53.167,114.0,False,0.7147842177925773,387.9969092399691,22.242520948236326,0.28320837020874023,7.201036060474537,8.850132619598753
3200,53.333,114.0,False,0.7059876389679011,401.7196172518004,22.09157320631926,0.27755019068717957,7.420588228202161,50.07249204282408
3210,53.5,114.0,False,0.735344102282976,258.6871159657922,24.003055618548892,0.2579458951950073,6.230682508680555,27.30248762217076
3220,53.667,114.0,False,0.7376729547599578,300.18449717078187,23.356921012319305,0.2708689570426941,6.417176950713735,1.1354681873713162
3230,53.833,114.0,False,0.7479464684856793,285.71068946116253,23.57153871667693,0.2812005877494812,6.342221016589506,10.366501334233533
3240,54.0,114.0,False,0.746099968494659,249.68355838477368,24.156904157847308,0.2495144158601761,5.732505847318673,29.853999083719145
3250,54.167,114.0,False,0.7388277452720617,245.0618397955247,24.238046712253496,0.23210054636001587,5.578333695023148,11.458317820859065
3260,54.333,114.0,False,0.7500315730767064,220.14302662037036,24.703754278212152,0.21012423932552338,5.202768735532407,17.36096000514408
3270,54.5,114.0,False,0.7375528063433479,256.82569010416665,24.034418971079976,0.21550247073173523,5.546160602334105,9.042717255015475
3280,54.667,113.0,False,0.7313398117839182,264.8320068158436,23.901098893770964,0.2216649353504181,5.678157672646605,11.645712207433121
3290,54.833,113.0,False,0.7378774356386446,215.81400318287038,24.790007402256297,0.20291972160339355,5.302781937210648,27.331382539223284
3300,55.0,113.0,False,0.7156513579212884,263.73891219778807,23.919061502779403,0.2361924946308136,6.047744321469907,4.793100887345645
3310,55.167,113.0,False,0.7174286832558602,261.96495675797325,23.948371615501838,0.20336146652698517,5.822036313657407,5.830234133873432
3320,55.333,113.0,False,0.711794456710309,274.3350496720679,23.74799063264332,0.19356152415275574,5.936275438850308,2.1796903131430554
3330,55.5,113.0,False,0.6888747428367812,317.37368795010286,23.115094423928532,0.218563050031662,6.531778187692901,3.306926038451593
3340,55.667,113.0,False,0.689268250960052,323.0045846193416,23.038716742620355,0.2287542223930359,6.6998506221064815,5.771750659079203
3350,55.833,113.0,False,0.6794610620484582,352.5767483281893,22.658266927393438,0.25185734033584595,7.026529405381944,2.0786560410236916
3360,56.0,113.0,False,0.6943364820496043,376.3232081082819,22.375193584859634,0.2606186866760254,6.959782624421297,7.010744598765427
3370,56.167,113.0,False,0.6892094397523573,394.13981899434157,22.17430048062839,0.26960617303848267,7.175956006462191,4.185526700745925
3380,56.333,113.0,False,0.6845515754649567,390.947477816358,22.20961945228273,0.2666689157485962,7.20575912663966,7.774054140946475
3390,56.5,113.0,False,0.684878048507089,369.6639213605967,22.452732947108327,0.2544744610786438,7.038053023726852,2.5464642811213594
3400,56.667,113.0,False,0.6776451041361884,365.491015625,22.502036551210697,0.27134233713150024,7.2494516782407405,2.884865451388862
3410,56.833,11.0,False,0.6821867767789541,347.34983844521605,22.723132596508208,0.27198946475982666,7.097891468942901,8.858588123713957
3420,57.0,11.0,False,0.6814885298019303,361.02361030735597,22.555447559403625,0.26202064752578735,7.126947337962963,9.308728941615243
3430,57.167,11.0,False,0.6884645846324081,330.746724215535,22.93584809330102,0.24540773034095764,6.7935735556520065,4.781542566872417
3440,57.333,11.0,False,0.6924667780551095,358.52083011831274,22.58565967551297,0.2585395574569702,6.980339626736111,3.475104970421853
3450,57.5,11.0,False,0.7109386481867933,332.6775356867284,22.910568850867982,0.2426822930574417,6.615439031153549,24.033324893904307
3460,57.667,111.0,False,0.7274547465937355,313.418125160751,23.16956252495128,0.23129689693450928,6.348060860339507,29.183081034593613
3470,57.833,116.0,False,0.7207542795287476,336.09807018389915,22.86614342033928,0.24489839375019073,6.633477285879629,7.870813078703691
3480,58.0,115.0,False,0.7197955202119086,352.4299927662037,22.660074998946925,0.2497059404850006,6.718439007040895,8.191060153034982
3490,58.167,116.0,False,0.7201110839742336,369.4021889467593,22.4558089628052,0.24242691695690155,6.785848644868827,21.615245225694423
3500,58.333,116.0,False,0.7131092834282101,422.8743549061214,21.868690125866248,0.27054083347320557,7.320350778838734,27.356964297196498
3510,58.5,116.0,False,0.7178203502567,418.727985468107,21.911483731598366,0.2710106670856476,7.186743766878858,56.041439686214005
3520,58.667,116.0,False,0.7183405412682748,436.10092946244856,21.73493348581133,0.274358332157135,7.276315827546297,36.92651459619344
3530,58.833,120.0,False,0.7121649739677839,438.24406346450616,21.7136431909596,0.27918463945388794,7.448806423611111,60.299420090663546
3540,59.0,120.0,False,0.7107742192751082,456.1569328703704,21.539660810225527,0.3018072247505188,7.614135802469136,49.18899040316359
3550,59.167,120.0,False,0.7140754024104676,445.9920461998457,21.63753247273075,0.3034721910953522,7.612197084780092,71.23885609567901
3560,59.333,120.0,False,0.7139817333608557,446.67020174254117,21.6309338007828,0.30283549427986145,7.743631847993827,60.38641428755142
3570,59.5,120.0,False,0.703864816962121,486.00892666538067,21.264361147210217,0.3234589099884033,8.105926227334106,54.87425009645062
3580,59.667,120.0,False,0.696691840930885,504.6786193094136,21.100654546137733,0.3237108588218689,8.344246358989198,79.69716628086422
3590,59.833,126.0,False,0.6854501556322502,499.27913708847734,21.147369418920164,0.33367234468460083,8.343413568190586,68.5459645865484
3600,60.0,126.0,False,0.6721245277175151,527.8505200295782,20.905694071171055,0.33256447315216064,8.528578559027778,66.7411706693673
3610,60.167,126.0,False,0.6710327001470549,486.6553782471708,21.25858833546605,0.32751402258872986,8.34181411554784,62.23366094393009
3620,60.333,126.0,False,0.676241545746453,446.71292775848764,21.630518398423817,0.3219485878944397,8.031358748070987,44.15215470679004
3630,60.5,126.0,False,0.6809032884996776,395.7073521090535,22.157062414820192,0.3043864667415619,7.467434172453704,31.50136252572014
3640,60.667,126.0,False,0.6910579955419219,341.51120450745884,22.796754040189192,0.2811724841594696,6.857940839602623,26.979402568801504
3650,60.833,132.0,False,0.6763367887856143,384.7814628343621,22.27866219494509,0.3051801025867462,7.244685149016203,15.72856786908443
3660,61.0,132.0,False,0.6777979643538616,334.14906378600824,22.891401122064625,0.24813425540924072,6.645041594328704,14.10629364390428
3670,61.167,132.0,False,0.6442429187853373,473.4218978266461,21.37832018797169,0.33475935459136963,8.11969871238426,21.32963388953192
3680,61.333,192.0,False,0.6375862167737554,470.25533387988685,21.407466306243037,0.31759434938430786,8.065200014467592,1.0398403742284472
3690,61.5,132.0,False,0.6256140553348125,494.62733121141974,21.18802250730303,0.3266412019729614,8.379216097608024,9.601626398533881
3700,61.667,132.0,False,0.6167584026879075,508.0735161072531,21.071538034467828,0.3294408321380615,8.479608772183642,5.726415412808706
3710,61.833,139.0,False,0.625015651807991,459.43444990997943,21.5085680395565,0.2790764570236206,7.8915388093171295,30.112995595421808
3720,62.0,139.0,False,0.6075456441876634,540.8351466049382,20.800154540426874,0.3195723593235016,8.777606879340278,16.20604263117275
3730,62.167,139.0,False,0.6106597073380408,501.3602449845679,21.129304669623767,0.29311802983283997,8.36576286410108,14.218170090663648
3740,62.333,139.0,False,0.6125575268652882,491.1012545010288,21.219093173447803,0.2818140983581543,8.231232518325617,11.410580632716005
3750,62.5,139.0,False,0.6128733851480784,490.87269145447533,21.22111489046151,0.27671030163764954,8.143188777970678,11.96445842978386
3760,62.667,139.0,False,0.6096465674416311,484.18238747427984,21.280713732877036,0.25933578610420227,8.019305676118828,2.2623333815586193
3770,62.833,139.0,True,0.613501884309485,459.45737075617285,21.508351378643855,0.2473912537097931,7.785714156539352,3.1325970936214276
3780,63.0,137.0,False,0.6101338239230925,445.3679250257202,21.643614245190985,0.23244145512580872,7.6658460527584875,7.546541039737633
3790,63.167,137.0,False,0.6168366724897162,388.73772456918726,22.23423672623465,0.20262637734413147,7.121950713734568,4.467189509387822
3800,63.333,137.0,False,0.6097641687870937,392.0356053883745,22.197548486396045,0.19909930229187012,7.215648509837963,4.472556021733567
3810,63.5,137.0,False,0.6184373103649936,346.96361014660494,22.727964328818263,0.17269223928451538,6.739707995756173,7.073825472608064
3820,63.667,137.0,False,0.616032593366092,342.7809252829218,22.780637141128338,0.1717355102300644,6.721036120756173,1.4279302501285542
3830,63.833,129.0,False,0.6219836029847123,321.89238249099793,23.053696615394557,0.16061556339263916,6.4587070794753085,0.2961441454475562
3840,64.0,129.0,False,0.6238409476299903,308.5989702289095,23.236858883457337,0.15540537238121033,6.297468352141204,1.0167011477623191
3850,64.167,129.0,False,0.6371258103673374,276.89625369727366,23.70763280924459,0.13944950699806213,5.915464349440587,2.8122290541409143
3860,64.333,129.0,False,0.6395910225083561,271.29435474537036,23.796396040707176,0.13860110938549042,5.855049792631172,0.06015030221198003
3870,64.5,129.0,False,0.6801158286313786,214.2413594714506,24.821770453697113,0.11883281171321869,5.120915195794753,12.410662615740705
3880,64.667,129.0,False,0.6700680085630153,225.5904447980967,24.59759660323199,0.13168202340602875,5.307110882040895,3.57678714956279
3890,64.833,131.0,False,0.7166042945427091,180.5055279063786,25.565898543355104,0.10975421220064163,4.660532648533951,14.69022247942388
3900,65.0,131.0,False,0.7203808830843981,178.50948913323046,25.614190537605115,0.10716415196657181,4.629770326967592,3.993360178755097
3910,65.167,131.0,False,0.7701524447621448,140.78835567772634,26.64513624201256,0.09703962504863739,4.065546453028549,19.54919745048869
