game,resolution,mode,config_name,ssim,psnr,lpips,flip,fps_norm,ssim_norm,lpips_norm,efficiency_score
blackmyth_medium,1080p,Balanced,1080p_Balanced,0.7314493916009484,24.48876188281506,0.196754140183688,5.154626340610791,0.6,0.6603803080314891,0.8496635198861582,0.6930131483752942
blackmyth_medium,1080p,Performance,1080p_Performance,0.7289878454948004,24.07960949080417,0.2270605810028725,5.4940167040499555,0.8,0.6558712185358178,0.7950218355232284,0.7552679162177138
blackmyth_medium,1080p,Quality,1080p_Quality,0.730424984431575,24.417013194569176,0.1961240941841173,5.279620627004798,0.4,0.6585037867690292,0.8507994756009208,0.612790978710985
blackmyth_medium,1080p,Ultra_Performance,1080p_Ultra_Performance,0.7398296155464495,24.667022604831217,0.2323352141739044,5.183691394102752,1.0,0.6757313021362329,0.7855118160992609,0.8383729354706482
blackmyth_medium,1440p,Balanced,1440p_Balanced,0.7225984981599843,24.37566807969523,0.1953758236758283,5.164901258118609,0.6,0.6441671359351878,0.8521485868732064,0.6888947168425182
blackmyth_medium,1440p,Performance,1440p_Performance,0.7226491027142642,24.26708684598563,0.2060859945032925,5.238745075595601,0.8,0.6442598339608582,0.8328384416364585,0.763129482679195
blackmyth_medium,1440p,Quality,1440p_Quality,0.7111707229940396,23.79972862367499,0.2165058736275757,5.647137452490224,0.4,0.6232336011819869,0.8140516844053505,0.5911855856762012
blackmyth_medium,1440p,Ultra_Performance,1440p_Ultra_Performance,0.7350734618474852,24.70877747869293,0.2253810556352584,5.0721133904913795,1.0,0.6670189231033011,0.7980499738507951,0.8395206690862289
blackmyth_medium,4K,Balanced,4K_Balanced,0.6988770505567533,23.10836124964547,0.2324400466731799,5.9703433553668415,0.6,0.6007139054867727,0.7853228059686895,0.6558110134366386
blackmyth_medium,4K,Performance,4K_Performance,0.7010440780268211,23.166507339734885,0.2369500488660961,5.943649637937792,0.8,0.6046834922345932,0.7771913952968876,0.7345624662594442
blackmyth_medium,4K,Quality,4K_Quality,0.7168697599964503,23.71420621297839,0.1973400260502061,5.435899708433248,0.4,0.6336731650881149,0.8486071836841612,0.6046841046316829
blackmyth_medium,4K,Ultra_Performance,4K_Ultra_Performance,0.6998379369294954,23.18312969530119,0.2727881849439452,6.080695788420067,1.0,0.602474068596878,0.7125762155928445,0.7945150852569167
cod_mw2_extreme,1080p,Balanced,1080p_Balanced,0.7321275093284894,21.368897941697465,0.2495990285175848,9.452799073641456,0.6,0.6616224921670804,0.7543856307482426,0.6648024368745968
cod_mw2_extreme,1080p,Performance,1080p_Performance,0.7266109899780845,21.267883498498097,0.2600989687381645,9.482006389547749,0.8,0.6515172662712698,0.7354545255490018,0.7360915375460816
cod_mw2_extreme,1080p,Quality,1080p_Quality,0.7327548253203947,21.564238586609846,0.2462881536091944,9.202924533089424,0.4,0.6627716170778437,0.7603550477044856,0.5869379994346988
cod_mw2_extreme,1080p,Ultra_Performance,1080p_Ultra_Performance,0.7002063855097371,20.194105377890644,0.3012074636680858,10.9779647382313,1.0,0.603148997097593,0.6613370329012359,0.7793458089996487
cod_mw2_extreme,1440p,Balanced,1440p_Balanced,0.7118029781498179,20.334587857022544,0.2989258666459578,10.748045523887722,0.6,0.624391773712001,0.6654506899641135,0.6269527391028343
cod_mw2_extreme,1440p,Performance,1440p_Performance,0.7263640465351653,20.91795927282219,0.2705571521466564,9.883517841471749,0.8,0.6510649123292855,0.7165987067405226,0.7302990857209425
cod_mw2_extreme,1440p,Quality,1440p_Quality,0.7286035082918607,21.00625786994009,0.2668476866408235,10.065184919468765,0.4,0.655167185066673,0.7232867716483817,0.5735361870145164
cod_mw2_extreme,1440p,Ultra_Performance,1440p_Ultra_Performance,0.7373884423809537,21.362718886443343,0.2755304182393576,9.518326827077626,1.0,0.671259532036067,0.7076320439208417,0.8136674727870726
cod_mw2_extreme,4K,Balanced,4K_Balanced,0.7196223639266591,18.941152521622634,0.341267079345777,12.254777179637426,0.6,0.6387154177749318,0.5891106408738669,0.6083478175946395
cod_mw2_extreme,4K,Performance,4K_Performance,0.7275173425000939,19.318146135356113,0.3225747184843709,11.61757943354084,0.8,0.6531775336236304,0.6228124565466722,0.7027969970510908
cod_mw2_extreme,4K,Quality,4K_Quality,0.7861032868774844,21.75106391196266,0.2184960414668623,8.385639266229012,0.4,0.7604959648024271,0.810463466192847,0.6312878292985823
cod_mw2_extreme,4K,Ultra_Performance,4K_Ultra_Performance,0.7134469765592629,18.3879071857741,0.3536816347993805,13.48615860939026,1.0,0.6274032695927463,0.5667275367459654,0.7582392419016135
cyberpunk,1080p,Balanced,1080p_Balanced,0.8353799138663682,25.76192761841182,0.2038958378079283,4.813198671389475,0.6,0.8507614774339963,0.8367872342897249,0.7462646135171163
cyberpunk,1080p,Performance,1080p_Performance,0.9131801841514452,29.387773452843337,0.1260091564998182,3.1707532500125923,0.8,0.9932769398202785,0.9772147916365389,0.9111475194370453
cyberpunk,1080p,Quality,1080p_Quality,0.7954429462552071,23.38824950510762,0.3285406219715975,6.670781817971443,0.4,0.7776044641671372,0.6120560956386508,0.5768981679417364
cyberpunk,1080p,Ultra_Performance,1080p_Ultra_Performance,0.9168503536219512,29.3431302121932,0.1347870434665194,3.2305562763117046,1.0,1.0,0.9613885013812892,0.9884165504143867
cyberpunk,1440p,Balanced,1440p_Balanced,0.5836015841338652,13.409395121480353,0.6149351508473632,24.62829305179155,0.6,0.3895509321596296,0.09569458874096726,0.38557365627017903
cyberpunk,1440p,Performance,1440p_Performance,0.8708739778164386,24.39474161131464,0.1329665973536082,5.286133363956713,0.8,0.9157799268208338,0.9646707159605231,0.8841351928344071
cyberpunk,1440p,Quality,1440p_Quality,0.5374699363382018,12.970406958882425,0.6562907677799014,26.21366506844909,0.4,0.30504642989826486,0.021131541877624227,0.25785339153276676
cyberpunk,1440p,Ultra_Performance,1440p_Ultra_Performance,0.587935933450134,13.39458509582961,0.6144047480581993,24.749155518996655,1.0,0.3974906448969797,0.09665089047113817,0.5482424606104354
cyberpunk,4K,Balanced,4K_Balanced,0.7543819333504069,19.10935849456082,0.3514985425271075,10.2635327904891,0.6,0.7023884113342316,0.5706635924375061,0.6219156011315212
cyberpunk,4K,Performance,4K_Performance,0.5431151759617012,12.800684854235506,0.658804516445724,27.759658094038045,0.8,0.31538744712450834,0.016599321747087892,0.41959603066147894
cyberpunk,4K,Quality,4K_Quality,0.6184907194068259,13.728609731404353,0.5875968796418125,23.208218507599412,0.4,0.4534612659857741,0.14498474442616627,0.3395338031235821
cyberpunk,4K,Ultra_Performance,4K_Ultra_Performance,0.7618254718923927,19.26080873760989,0.3570813045167086,10.14599457061978,1.0,0.7160235739527436,0.560598025176436,0.7829864797387539
forza_extreme,1080p,Balanced,1080p_Balanced,0.7899737769387305,22.503902869395937,0.1742389516636894,6.319565291334342,0.6,0.7675859746278273,0.8902577893294655,0.7373531291871878
forza_extreme,1080p,Performance,1080p_Performance,0.6955676151377689,18.30628337561418,0.2932938947256421,10.523538241527175,0.8,0.5946516422421093,0.6756049813850964,0.7010769870881617
forza_extreme,1080p,Quality,1080p_Quality,0.7903186270137371,22.705915728634764,0.1752669191032703,6.399216563556199,0.4,0.7682176751053891,0.8884043921356456,0.6569866201723104
forza_extreme,1080p,Ultra_Performance,1080p_Ultra_Performance,0.781566408667679,21.920620524824542,0.2183094466459729,7.04394162560567,1.0,0.7521852572240154,0.8107998915542951,0.8688955446334932
forza_extreme,1440p,Balanced,1440p_Balanced,0.6680951632435352,17.03772649243961,0.3553050789782388,12.88813898655932,0.6,0.5443272774263409,0.5638005112687323,0.572438336608522
forza_extreme,1440p,Performance,1440p_Performance,0.6549861254291041,16.488243122976,0.3826994328258659,14.10531491030166,0.8,0.5203139857151774,0.5144092401129026,0.630416967748424
forza_extreme,1440p,Quality,1440p_Quality,0.6789583828224492,17.58057791550979,0.3342699671091853,11.999916671164154,0.4,0.5642266525264503,0.6017262429686472,0.5097858686485293
forza_extreme,1440p,Ultra_Performance,1440p_Ultra_Performance,0.6423691538147036,15.68590221463883,0.4217482998333665,15.525491190044804,1.0,0.4972020667340196,0.44400520030882207,0.6823621801128525
forza_extreme,4K,Balanced,4K_Balanced,0.7928652186049991,22.51413505076335,0.1947945878873691,5.952413153956866,0.6,0.7728825519343239,0.8531965391115742,0.7278237273137693
forza_extreme,4K,Performance,4K_Performance,0.7337790943159829,19.490516668167267,0.2780526883185349,8.81870152281659,0.8,0.6646478852319169,0.7030844599149617,0.7303197035440636
forza_extreme,4K,Quality,4K_Quality,0.7505894075259704,20.631967830388977,0.2488830156224933,7.982177606792415,0.4,0.6954412173270513,0.7556765824257029,0.5953353399258263
forza_extreme,4K,Ultra_Performance,4K_Ultra_Performance,0.7018602786248901,17.80162596435339,0.3561669167859748,11.467715756919551,1.0,0.606178618218186,0.5622466412599341,0.750527577843436
forza_motorsport_ultra,1080p,Balanced,1080p_Balanced,0.8847350787850066,24.940185566526345,0.1829804352708369,4.21142808119012,0.6,0.9411708567813599,0.8744971333363963,0.7847003970353269
forza_motorsport_ultra,1080p,Performance,1080p_Performance,0.8532984446546885,23.407337736091613,0.2250405426381686,5.2646440958510565,0.8,0.8835848556976336,0.7986639094765409,0.8246746295522525
forza_motorsport_ultra,1080p,Quality,1080p_Quality,0.8430005778147521,22.61413768721689,0.2291977241552076,5.6560544901054,0.4,0.8647211004830531,0.7911686248389052,0.6567669175965875
forza_motorsport_ultra,1080p,Ultra_Performance,1080p_Ultra_Performance,0.8792822863802564,24.782498800881125,0.2140430795164081,4.5670879406635985,1.0,0.9311823666641422,0.8184920348666991,0.9249023204592525
forza_motorsport_ultra,1440p,Balanced,1440p_Balanced,0.8232396338239062,21.66886807564754,0.2583175267420667,6.551706927448677,0.6,0.8285227677558592,0.7386664167718083,0.7101567553583003
forza_motorsport_ultra,1440p,Performance,1440p_Performance,0.8850754109840819,24.925575401826283,0.1883586328996959,4.048754113346504,0.8,0.9417942813599436,0.8648003900259267,0.8619784014157612
forza_motorsport_ultra,1440p,Quality,1440p_Quality,0.8821488575562418,24.661133266789413,0.1802261776535371,4.233734481078287,0.4,0.936433385910114,0.8794629845320743,0.7047689111326565
forza_motorsport_ultra,1440p,Ultra_Performance,1440p_Ultra_Performance,0.8799466074511991,24.86414349481964,0.2119616074227421,4.438481135408305,1.0,0.9323992779197386,0.8222448721540241,0.9263932450221288
forza_motorsport_ultra,4K,Balanced,4K_Balanced,0.8455275363762286,23.387568589937352,0.2216887293206579,5.19538406353423,0.6,0.8693500132940265,0.8047071372653662,0.7422171451678178
forza_motorsport_ultra,4K,Performance,4K_Performance,0.8320397138595581,22.235435217472837,0.2478987788521377,5.955552341551754,0.8,0.84464285925068,0.7574511344182984,0.8006281981006936
forza_motorsport_ultra,4K,Quality,4K_Quality,0.8445968438127187,23.119988189723543,0.2197144443595875,5.233678864200688,0.4,0.8676451595635437,0.8082667190826082,0.6627735635938456
forza_motorsport_ultra,4K,Ultra_Performance,4K_Ultra_Performance,0.8212222483571016,21.758264661736433,0.2804415530665626,6.5242314811525395,1.0,0.8248272970131544,0.6987774020744769,0.8570814097262893
marvel_rivals_low,1080p,Balanced,1080p_Balanced,0.6568956207484007,18.51732020463253,0.3145249861751354,11.73812282299075,0.6,0.5238118219997667,0.637325903858799,0.5883413177575697
marvel_rivals_low,1080p,Performance,1080p_Performance,0.7850305263829582,22.310241762123272,0.1412362199078095,6.374434416182339,0.8,0.7585308693426435,0.9497608125474771,0.8324875045670361
marvel_rivals_low,1080p,Quality,1080p_Quality,0.6652310871354797,18.81596995013733,0.2947201386936392,11.24201645187157,0.4,0.5390808286755411,0.6730335024975295,0.5236342993519212
marvel_rivals_low,1080p,Ultra_Performance,1080p_Ultra_Performance,0.6874067728125721,19.2450188686071,0.2781725342035157,10.461167644032644,1.0,0.5797025140041828,0.7028683810603584,0.7847712685193624
marvel_rivals_low,1440p,Balanced,1440p_Balanced,0.6798448934055427,18.62201388519967,0.3147445016828201,11.229240349000868,0.6,0.5658505731786144,0.6369301233989542,0.6008342089732706
marvel_rivals_low,1440p,Performance,1440p_Performance,0.6873252972659162,18.840030942157227,0.2996907581058194,10.864303119371042,0.8,0.5795532661267359,0.6640716115704803,0.6930874633091649
marvel_rivals_low,1440p,Quality,1440p_Quality,0.8619126811185304,23.77290576002562,0.1133715781222289,4.964903186732793,0.4,0.8993645167225989,1.0,0.7298093550167797
marvel_rivals_low,1440p,Ultra_Performance,1440p_Ultra_Performance,0.7765599007800441,21.50932637244768,0.1822273915048058,6.8812643583206565,1.0,0.7430142764043804,0.8758548506619127,0.885660738119888
marvel_rivals_low,4K,Balanced,4K_Balanced,0.7068032178589526,18.58400923053032,0.3377736673676683,11.281685617094968,0.6,0.6152331532205513,0.595409167177116,0.6031926961193002
marvel_rivals_low,4K,Performance,4K_Performance,0.7113209340639193,18.75180433673781,0.32710924952784,10.905471327933755,0.8,0.6235087596101132,0.6146368210278257,0.6914436741913818
marvel_rivals_low,4K,Quality,4K_Quality,0.7096354390001473,18.784522043008614,0.3234688673264292,10.886803975054884,0.4,0.6204212496633856,0.6212003306262208,0.532486474086882
marvel_rivals_low,4K,Ultra_Performance,4K_Ultra_Performance,0.698487381779534,18.071731098796263,0.3786677074283087,12.365044957300755,1.0,0.6000001055763171,0.5216783307964865,0.7365035309118411
rdr2_ultra,1080p,Balanced,1080p_Balanced,0.4736988021882092,16.90927425491684,0.4886984311238291,17.639423697505247,0.6,0.18822970629329452,0.3232959436905254,0.39345769499514593
rdr2_ultra,1080p,Performance,1080p_Performance,0.4952705368945933,17.712991266433534,0.4508858408906065,16.37102869501533,0.8,0.22774506703548247,0.39147101026451403,0.505764823189999
rdr2_ultra,1080p,Quality,1080p_Quality,0.4766908912907673,17.05306928620278,0.4729689437837068,16.951244189184678,0.4,0.1937106507731727,0.35165577939533665,0.3236099290505528
rdr2_ultra,1080p,Ultra_Performance,1080p_Ultra_Performance,0.4959286618605256,17.21146095861028,0.480802040323615,16.497515645325183,1.0,0.2289506281920712,0.3375329204535147,0.5699450645936758
rdr2_ultra,1440p,Balanced,1440p_Balanced,0.4798572361846513,16.664134227856778,0.4966561439458893,17.775518148684803,0.6,0.1995107990885042,0.30894840499840004,0.39253776122607126
rdr2_ultra,1440p,Performance,1440p_Performance,0.5512654147810241,19.130653986618245,0.3611930285164086,12.18356364059864,0.8,0.330317151733995,0.5531846991999698,0.5850505552801895
rdr2_ultra,1440p,Quality,1440p_Quality,0.4976862004300967,17.321452622874837,0.4649603719631597,16.834197004774804,0.4,0.23217010829138646,0.3660950154714906,0.33947953712886314
rdr2_ultra,1440p,Ultra_Performance,1440p_Ultra_Performance,0.5065262032740879,17.082710433195256,0.4748399813259009,16.527536797963204,1.0,0.24836333086235107,0.348282349852035,0.5789937042143158
rdr2_ultra,4K,Balanced,4K_Balanced,0.3709427799286304,13.170196176588462,0.6680111572737292,26.023636020396868,0.6,0.0,0.0,0.24
rdr2_ultra,4K,Performance,4K_Performance,0.4371144872117219,14.627471161801694,0.5945408047699684,22.45580507296021,0.8,0.12121412208189178,0.13246503723401293,0.3961037477947715
rdr2_ultra,4K,Quality,4K_Quality,0.4470574933965251,14.99741593597262,0.5786288767725042,21.121373263170135,0.4,0.1394278393189217,0.16115380845695138,0.25017449433276195
rdr2_ultra,4K,Ultra_Performance,4K_Ultra_Performance,0.5000279020400917,15.956621672758,0.5290244496468478,18.529787221569684,1.0,0.2364596652106142,0.25058923461521854,0.5461146699477498
returnal_epic,1080p,Balanced,1080p_Balanced,0.8659900792947052,25.20074202800815,0.1690004722023686,5.14726578411481,0.6,0.9068335432990013,0.8997026246030945,0.7819608503706288
returnal_epic,1080p,Performance,1080p_Performance,0.8352725442842389,23.880082084349027,0.1863266872123201,5.906928482546029,0.8,0.8505647965537461,0.8684639325565271,0.835708618733082
returnal_epic,1080p,Quality,1080p_Quality,0.8159350169465897,23.16342881961256,0.2002725591156499,6.511834087777645,0.4,0.815142083498454,0.8433199067286832,0.6575385970681411
returnal_epic,1080p,Ultra_Performance,1080p_Ultra_Performance,0.8304114330322184,23.58029691326609,0.2056651486466962,6.2357155072773605,1.0,0.8416601550241685,0.833597215211976,0.9025772110708433
returnal_epic,1440p,Balanced,1440p_Balanced,0.822387368690794,23.26152135629299,0.2046610009433193,6.285358148711649,0.6,0.8269615783271319,0.8354076660725386,0.7387107733199011
returnal_epic,1440p,Performance,1440p_Performance,0.8435758069760844,24.126242654289445,0.1957483621504665,5.7176982299001375,0.8,0.8657748121167652,0.8514769101868651,0.8351755166910891
returnal_epic,1440p,Quality,1440p_Quality,0.8479425934651359,24.25140651002628,0.1836327771730297,5.453293416649103,0.4,0.8737739436538278,0.87332097871867,0.6841284767117494
returnal_epic,1440p,Ultra_Performance,1440p_Ultra_Performance,0.8432419740288011,23.86538575378796,0.2116423834072933,5.916937957687134,1.0,0.865163292945077,0.8228204243278108,0.9063951151818663
returnal_epic,4K,Balanced,4K_Balanced,0.8124938120233252,22.212649334329633,0.2494059999255423,6.9521073065750985,0.6,0.8088384433053291,0.754733656023211,0.709071629798562
returnal_epic,4K,Performance,4K_Performance,0.851554998755455,23.744031813806977,0.2108038974463517,5.708147667654862,0.8,0.8803911907198092,0.8243321915951674,0.831417014694493
returnal_epic,4K,Quality,4K_Quality,0.8501619389082523,23.913184300204264,0.2044952018463865,5.6031325031679575,0.4,0.8778393670882408,0.8357065973121491,0.674063789320117
returnal_epic,4K,Ultra_Performance,4K_Ultra_Performance,0.8364644021046816,23.103819794400877,0.2318149404058642,6.319503250612435,1.0,0.8527480559146288,0.7864498554812253,0.8917593734187562
tomb_raider_highest_scene_1,1080p,Balanced,1080p_Balanced,0.8331942338171836,25.7371517125504,0.2165157780731367,4.10978701599406,0.6,0.8467577226694353,0.8140338269607443,0.7382374648890538
tomb_raider_highest_scene_1,1080p,Performance,1080p_Performance,0.892989515268951,28.57733893224649,0.1491329291549461,2.6932873938588187,0.8,0.9562914319148014,0.9355232616333914,0.8875444080644579
tomb_raider_highest_scene_1,1080p,Quality,1080p_Quality,0.8596214268712087,27.37000038985873,0.151407675469812,3.148471896579157,0.4,0.8951673698835831,0.9314219562084416,0.7079767978276075
tomb_raider_highest_scene_1,1080p,Ultra_Performance,1080p_Ultra_Performance,0.8502442270393689,26.579300662035255,0.2003170855312426,3.648498708281774,1.0,0.8779901034675877,0.8432396268185101,0.9163689190858293
tomb_raider_highest_scene_1,1440p,Balanced,1440p_Balanced,0.8610388935848885,27.12789415136231,0.1702239281532675,3.3103902790061666,0.6,0.8977639023040622,0.897496766967095,0.7785782007813471
tomb_raider_highest_scene_1,1440p,Performance,1440p_Performance,0.8643004144870394,27.191779569523725,0.1701655194657967,3.226076753307675,0.8,0.9037383951657114,0.8976020762339889,0.8604021414199101
tomb_raider_highest_scene_1,1440p,Quality,1440p_Quality,0.8949218998311467,28.70484428709925,0.1474448208121343,2.6455928487896423,0.4,0.9598311969873432,0.9385668748306217,0.7295194215453895
tomb_raider_highest_scene_1,1440p,Ultra_Performance,1440p_Ultra_Performance,0.9146359703847482,30.05783386621783,0.1545326051252017,2.345769537435033,1.0,0.9959436663935222,0.9257877934604994,0.9765194379562065
tomb_raider_highest_scene_1,4K,Balanced,4K_Balanced,0.8490016413427487,24.84173284380026,0.2538877858536866,4.311108067817213,0.6,0.8757139201785128,0.7466531185054942,0.7267101116052022
tomb_raider_highest_scene_1,4K,Performance,4K_Performance,0.8384310815838857,24.05123954163195,0.3128486991670616,5.0760221501109015,0.8,0.8563506428248974,0.6403482035126358,0.7690096539012601
tomb_raider_highest_scene_1,4K,Quality,4K_Quality,0.8500800837619671,24.869313335164325,0.2473285623605815,4.241091600592205,0.4,0.8776894238556686,0.7584792191655653,0.6508505929063702
tomb_raider_highest_scene_1,4K,Ultra_Performance,4K_Ultra_Performance,0.8582841749013213,25.30740503998512,0.2334687738868705,3.9873320729900694,1.0,0.8927177757868383,0.7834680389229183,0.9028557444129269
watch_dogs_legion_very_high,1080p,Balanced,1080p_Balanced,0.8113334300972167,24.8561907395922,0.1350495372357822,5.255153407028743,0.6,0.8067128418628395,0.9609152322906405,0.770288422246044
watch_dogs_legion_very_high,1080p,Performance,1080p_Performance,0.6234398902030218,20.20618095284034,0.240817986073948,9.341831027212598,0.8,0.4625272160379275,0.7702176102421515,0.6898234478840237
watch_dogs_legion_very_high,1080p,Quality,1080p_Quality,0.6763789934203738,21.39242016204242,0.194800321431387,7.785552776086898,0.4,0.55950169627676,0.8531862016884377,0.5838063693895593
watch_dogs_legion_very_high,1080p,Ultra_Performance,1080p_Ultra_Performance,0.7558031805356343,23.551292223933302,0.1448936151322864,6.178653533799308,1.0,0.7049918688675499,0.9431666289335489,0.8944475493403297
watch_dogs_legion_very_high,1440p,Balanced,1440p_Balanced,0.6288474744842166,20.210977184920544,0.2410400805870692,9.127401481242408,0.6,0.47243289337559474,0.7698171799060025,0.6126750219844791
watch_dogs_legion_very_high,1440p,Performance,1440p_Performance,0.7040391288484846,22.289555022538902,0.1811198650229545,7.1909407478854765,0.8,0.6101698620268284,0.8778516906341801,0.7664064657983026
watch_dogs_legion_very_high,1440p,Quality,1440p_Quality,0.7376762995833442,23.147559068033587,0.1594740986469246,6.283624222420511,0.4,0.6717868322902897,0.9168784157177814,0.6365995744024213
watch_dogs_legion_very_high,1440p,Ultra_Performance,1440p_Ultra_Performance,0.6792951425484248,21.728913948628513,0.1878537378708521,7.744643345617113,1.0,0.5648435330062305,0.8657107019615015,0.8291662704903195
watch_dogs_legion_very_high,4K,Balanced,4K_Balanced,0.7937513106209891,24.151146808155648,0.1506163901516369,5.396288121087211,0.6,0.7745057058502792,0.9328486220071314,0.7522062983572231
watch_dogs_legion_very_high,4K,Performance,4K_Performance,0.6290876572472709,19.84700511366562,0.2739780842690241,9.583297929479963,0.8,0.4728728630236238,0.7104308596359197,0.674991116797863
watch_dogs_legion_very_high,4K,Quality,4K_Quality,0.6564612615676153,20.866164619853578,0.2290654717598642,8.384255347365425,0.4,0.5230161576754073,0.7914070722925574,0.5543269689903895
watch_dogs_legion_very_high,4K,Ultra_Performance,4K_Ultra_Performance,0.6176599697839646,19.345195531560133,0.3226119801260176,10.372803668408167,1.0,0.45193948892516134,0.6227452748253393,0.7224054291251502
